taxa,PC1,PC2,PC3,PC4,PC5
1538,25.2020025961798,-431.348812506856,214.569283353803,-214.397175997557,70.9258926339337
2369,-596.320930276939,-0.0222880548974839,-391.637908153477,171.399345542573,-82.2781746275751
29MIBZ2,374.497240119992,-781.526971643624,-74.4863298165791,-14.0042439253822,-55.3369501235091
2FACC,-472.104514542482,-10.0563277193251,-171.007218530205,67.3876759273011,15.2633489882158
2FADB,-473.936098209365,-13.7991295493402,-153.454831805492,50.2477167560498,15.7697305657141
2MA22,185.978567682557,137.668576891331,0.733892729580886,77.0681578009613,124.050460990932
2MCDB,203.108993748844,144.597248269032,-18.8150844278405,85.0829568301036,193.200314835399
33-16,138.078749950408,116.478361077763,111.311728977745,103.647216455523,-67.3591960284273
3IJI1,366.899288685483,-793.768499983279,-86.124227973807,26.9395606682378,-72.1893944105601
4226,135.27478082693,93.4062047616647,98.8773126888799,144.674983328694,-131.491006885089
4F-234-BX-4,135.181684637695,139.664864162157,90.3488446843414,164.144586831363,-124.665931248212
4F-306-108,131.339070862814,148.026941232379,93.8980404753073,139.417911913169,-112.319486415337
4F-35-BK,120.764282001525,142.698906835344,79.2569439231168,165.626516814514,-104.120428900588
6F629,-369.403709542961,-11.1298088264467,-2.95457000604306,-10.7520663136572,129.628689155651
6M502,236.077585513574,201.045667389598,-86.875754844818,-89.7024259948079,67.3964366826702
6M502A,240.085562407204,201.426054683317,-56.1512213845493,-57.2959412278152,97.1245008234243
764,-612.782428041349,-26.655134624285,-62.3255760402968,-26.0529694365147,-102.259907428458
78551S,320.751688481267,283.758208458771,-220.644860231548,-187.805040850984,286.707060547005
790,-603.636245835993,-37.4761457263699,-93.0061053164518,-6.56696274406698,-89.8675342457861
792,-557.179060743772,-41.3947353543248,13.868858025682,-89.0663544435405,-75.4963565958116
793,-707.709805990801,-42.7930716241105,-127.976431539375,-26.7307845720551,-72.9650816112795
87916W,-501.90232207183,-12.832467790294,-288.071893203133,160.684008208417,-62.5301567990124
911,348.920502224973,-564.663027682006,-103.64066498846,6.32998356163008,101.368543479734
912,332.005654774284,-482.394642437863,-91.3049399798075,18.1878405203907,138.242183682897
91IFC2,358.281302720494,-537.815486591788,-192.797826267591,-167.799434841832,-143.251985525091
A,108.343433149162,126.647924238096,163.89207305647,224.808989614334,-130.054570763094
A188,141.488936380877,109.994232192934,78.0061652910107,143.411381844297,-97.7363162760973
A208,119.585424504106,133.600775939609,115.613131687891,147.748828321862,-64.9323976594416
A239,124.750074929225,108.069958822327,153.997918821916,229.612077453702,-88.0824617115343
A258,112.571491788497,86.4057350483063,143.032421360892,211.885869063097,-126.508647765425
A305,124.077962445901,128.551392077394,91.0663871361728,128.284406024305,-91.537755487019
A321,125.405118937419,106.129182205383,139.759304876597,260.69824075695,-92.1524444552617
A322,135.892531625177,73.9817609782452,86.4116999216366,141.161711615739,-81.3741400655574
A334,120.625352094971,94.7832794778247,103.67123396185,117.727941703084,-82.4805111671333
A340,141.970483684324,151.840188159878,97.5453091624034,171.143828351283,-82.0479720115421
A374,112.213931444281,116.812272316559,151.145928975161,218.749034499854,-123.091148665485
A385,126.833697758794,132.8121700015,111.612516092156,193.155000751039,-101.637733608378
A401,117.268481788854,113.431488800055,128.807311156249,165.290777218445,-101.984644300579
A427,115.901720952425,22.5275454282287,35.6484290316582,127.512947652538,-152.059110551122
A548,111.961264365509,127.59697477707,160.238539171885,201.512324788325,-66.8865594668513
A572,151.740977087371,100.914389607733,96.5757283806708,142.314948192729,-90.4982060929494
A619,269.868938984433,247.879554803932,-41.8803126210094,150.821721000844,671.92504751865
A627,122.107053515342,84.7155240662531,106.667964897471,169.331248330957,-42.9382673582056
A632,-459.464523179096,-45.4091145123306,631.243507337949,-497.49122639408,1.45257999551926
A634,-429.551939328339,-24.0163392043983,520.975093205356,-426.676397538205,1.20934714523422
A635,-459.447432151067,-34.4373557594717,523.408751344589,-416.891673842646,-25.5626885845253
A641,-208.457899989116,-11.4621981258546,394.223855729897,-230.281138042427,-46.3931128769205
A648,137.701990115786,149.189749853625,83.8441218720211,205.697141039863,28.1641120315829
A649,139.437923968675,122.550862400879,135.797830112136,214.379238635854,-83.6428174411764
A659,114.20541416684,128.258749614876,152.826987610248,175.960054358043,-8.51635750118533
A663,130.25306174131,32.3890011904331,48.7417501117218,132.365126647081,-160.680704263228
A672,-378.447524316788,-18.1528101548962,558.620149234238,-425.675178399524,4.79794725523318
A674,49.8163767735691,103.913146535052,153.896064762443,62.7153978483077,-69.3375773129328
A679,-611.458785340647,-28.4062218550932,-367.774122547749,202.00140114975,-115.379136393561
A680,-730.379676143823,-47.7084631486737,-425.418873729727,193.147234437447,-117.436998955291
A682,297.523283740792,331.725667674236,-309.815533807269,-460.730399706682,-199.643158137513
A71,104.850884056794,86.4082222706905,107.444120800522,189.922995235706,-125.375767159369
A73,125.866363321516,131.747686691729,160.756671620262,249.622343033017,-107.033992533177
A797NW,153.110288311433,156.791219766756,126.095647801862,224.83246976811,-69.4702894369735
AQA3,-289.450442059183,-18.8320950228866,457.859327370204,-315.067815745634,18.5005594346711
AS5707,264.667961600911,259.702671321737,-121.512370794959,-166.128942315436,-131.87306324435
AS6103,-460.836171650219,-31.3403806050915,539.407844121856,-415.88040059331,16.9787879851517
AusTRCF-306238,239.119168336016,254.604799767414,-174.101771140831,-230.932642263081,-210.127689165541
B-18,143.129697005335,122.18131981613,106.29806401271,226.83121515668,-160.054987580105
B-28,155.057366446564,113.351980539035,98.0791139712791,185.360125715049,-151.606511389207
B104,-358.575320719939,-3.98332868899284,5.37169214351722,50.5461158279411,-90.6125628671069
B105,-133.271638507543,12.5662282152836,31.0989543361852,118.232392069724,-92.165663174475
B107,229.592335369404,-581.80379897682,-113.613947938299,-82.4657221459204,69.3201861188893
B108,102.164274882041,122.937660120411,94.6491568151844,69.600791193591,-70.5125943116945
B109,-658.902201613125,-39.9865271608242,-305.666004504037,126.854849098406,-96.1393844216953
B110,-307.54048553646,-3.67318809393127,-64.2261654982996,77.259758128417,-123.046391355737
B111,-134.775988527139,13.8632358399063,58.6331397938562,83.4719773922841,-70.3346427605695
B115,149.069787649767,122.336668442289,81.2384778483679,115.530306484901,-80.6798060126947
B119,-288.995989011714,-5.84190436332477,-8.47531306042674,76.3088161212597,-105.983196744214
B120,155.392995396791,61.5559722984672,75.6544822429837,167.30157485831,-102.227264818538
B121,144.782444862242,82.1232617983192,103.800237575711,186.256363743227,-104.122168280823
B14,-588.870833502455,-63.6152293993162,582.093324156147,-503.759734699199,14.151432251613
B164,55.8058757119274,74.854399087574,123.279231177511,136.748952989746,-83.6639901044102
B2,75.3205559919142,78.1544584737527,123.672917569578,138.758233017983,-96.2135514076802
B37,-242.112077734194,10.1972406126822,-52.1697257968445,84.7456671455274,395.829354556236
B46,36.952374778504,67.1132756953881,179.59136675587,124.311569962022,-43.5322629288626
B57,128.750389944968,98.4738155372807,100.879080410604,129.268393924931,-106.426964380609
B65,162.414154085456,108.880082311088,95.0699733350655,141.569147120668,43.6539043995765
B66,233.24425812106,171.801103492315,3.09480211316863,139.416815126158,394.609279574952
B68,-474.006124815592,-35.9331624947511,565.477383370268,-458.605860469719,25.2172992181218
B70,311.243625618997,313.157859400932,-231.748854096308,-282.792912827521,-35.110215149426
B75,122.163211740032,143.350099795572,57.875302516864,111.50730090074,35.0894152519185
B76,143.708237805623,161.874503290476,60.8532961082414,136.449093465597,146.091906905751
B77,124.213625673661,137.425576890052,71.4892922102806,97.5403167347548,-78.379579884508
B79,11.6450948090016,85.8631210241636,196.080907256659,19.4975054662523,118.803241945953
B84,-381.953846980801,-2.73000343185358,-11.2426051495191,71.2800874492327,-55.2141693454417
B85,155.174901668248,142.435491184349,19.9006306909581,105.978333481533,40.7162301010029
B87,142.320216506199,158.862396896167,47.1707810406079,50.5982717717223,2.71255164400515
B88,7.85984445607397,55.7982589353551,89.9379433060649,136.036290917951,-94.1577403144295
B97,142.48632156424,81.8300581480885,114.335329570597,189.769479910595,-115.969678589804
B98,130.889037238484,89.1760479407365,80.7761355721074,134.042210588091,-70.3300186555104
BEI-10,158.17992768087,104.908498860856,86.0589717420975,127.705899462771,-15.4924718198894
C103,341.031221114559,364.347210226137,-285.800742331295,-390.130023456541,-125.754830197438
C123,259.210892403422,272.955929375214,-115.320870487921,-159.743935414217,-116.1449327395
CA-4,134.95925148343,159.753277064335,95.1088681705191,158.815143109812,-140.145420354057
CH157,100.797995033918,99.3018011128628,108.198689882048,132.70886980165,-71.7493099662645
CH701-30,124.164567220481,98.954731203566,111.13681625728,152.002007229447,-93.6366146717634
CH711-10,254.623012688058,239.709003732376,-125.645302366553,-168.44728403955,-77.4152952374081
CH753-4,-418.73233087939,-34.241547204278,489.620495161798,-382.953346746764,-12.6600568353036
CI-40H,103.429314077555,67.3985136709149,109.310277427748,158.261001004507,-107.312468757485
CM105,-333.076689617513,-11.8284372193424,474.431815899238,-329.494045100732,-0.595196462532783
CO257,-164.917427359218,23.6646498753223,71.5104952496222,21.9249800188199,-61.1688493121029
CO258,-163.429717932854,2.92968636974117,47.1261107152999,67.6931359098596,-90.3291514512729
CQ702RC,312.80308311121,-218.986860057725,-111.693895696456,-40.0457196783289,380.776067244802
CR-22,135.060647047787,99.1360175290588,120.120435113813,154.950842074562,-94.7969153920139
CR14,-566.174651876248,-12.505621453727,8.71664601512894,-51.2297382530003,-102.542880702236
CS405,-432.894534495012,-19.0794849110173,-199.410284268614,123.878590809244,73.0424921411672
DE2,289.651472875669,-391.939361765014,-67.3306123682994,29.9276447863625,57.3830299422599
DE3,192.511500825265,188.176741826652,-76.1269428222234,-87.4796517223557,255.455612226418
DE4,142.964171880522,147.431996528814,-59.8595624559729,-87.0030952162483,175.197170048226
DE811,-217.665958884663,61.233130462602,242.267475321868,-326.352492982256,42.7936318719418
DJ7,-794.697279119078,-53.8809562461756,-451.819282617348,188.405313453933,-130.07024132623
DK4676A,-208.577075638979,28.6904757540091,195.288275857543,-103.719951753997,136.136251671881
DK78002A,-650.921523769395,-42.1051911840792,-24.7641649956977,-80.8859327435452,-82.8478193178209
DK78010,-662.753377371706,-52.8290721274736,55.4184296021091,-147.911732780228,-53.7873616608045
DK78371A,304.686446096753,297.903107390954,-168.993726762208,-79.6130571371358,422.566294610998
DKFBHJ,-287.356588782554,-11.261695396777,307.15172448819,-195.948266343693,14.2565869956269
DKHBA1,62.3409643147595,53.5938690363134,103.264141501994,-120.042208864132,-48.1313550307609
DKIB014,367.692281917269,-613.73416098553,-101.279041792368,4.3386985872022,54.3855856265993
DKMBNA,339.282566475238,326.261139853027,-385.659522329251,-454.157884229795,-172.9663381911
DKPB80,-713.470248514222,-46.170735099259,-324.128929841859,130.828453034269,-125.726003052867
E8501,240.775875808142,281.44664094901,-137.054512534959,-215.089339349076,-157.676598470225
EAST-028,148.445196125153,121.191396347652,137.384928004461,161.361260768291,-97.2443684683893
Eng-Li-Chih,137.558898702587,106.766311223153,90.7977053666949,135.821759530794,-116.262978073388
F118,-364.32984356363,23.3775489744763,-163.843452930214,156.095309663487,-127.580543186842
F2834T,131.331075393444,116.169217457666,105.304114182319,141.128443239454,-106.141060863569
FBLA,-310.980525660741,-20.6172591406227,373.656139927473,-276.600300075318,2.20057334210179
FBLL,-651.291234709572,-48.0007395135187,-195.572609255928,39.8896264752793,-82.4268736579662
FC46,139.382486373362,145.742972061335,100.035128619044,164.479403474429,-109.439365174118
FR19,-144.283085157509,16.637563121745,358.852013234446,-160.785645143752,-40.8615851009367
H105W,-295.370317656817,-4.62039599508218,507.099720221635,-354.413112900207,-28.1983123312094
H110,-69.4686066539405,76.6791281730814,257.284073294905,-57.8875074466774,-72.179373070211
H113,64.0833362882112,102.86213327013,130.084976698613,145.844053475133,-144.214811126312
H114,-147.960299927552,46.7264394004721,57.778531750523,53.0738008853158,251.48414389935
H121,160.402920863528,115.029169144231,84.2029075365459,137.277892958295,-17.2676596910485
H122w,-317.388300973715,55.5035612871335,-223.524267768967,165.780385768799,78.7628074294595
H5,129.136508569154,102.62470896683,145.251130164256,256.495066858368,-81.7091632206991
H71,155.10182383698,139.065448677171,158.587902168015,228.708546362555,-76.4598671939067
H84,-141.999115059811,46.8716724256204,-24.1169576628141,63.8624687705196,287.421441160759
H91,-531.328181317475,-47.676231998927,573.349799838105,-490.737129069077,18.6144169731462
H95,193.926770296717,170.476320398337,17.074956635402,158.452400777464,364.038385564908
H96,41.3134679220673,34.0512068853898,82.1197253948528,149.331196109721,-119.646044444107
H99,188.305866378865,150.524710305749,8.0827359395653,119.239301662322,95.3509475766775
HP301,153.115009847326,133.56775280572,105.034163277934,236.07708439688,-181.018715703707
HUANYAO,125.664088784439,129.39066287744,95.3865655631689,159.861319974192,-168.754790938288
HUOBAI,117.85318958533,115.99966800734,102.398509971514,159.69428735674,-123.70157268519
Hy,31.5194821343079,8.16910332708495,76.8382992406004,143.992681003642,-137.124166679219
I29,122.975493400088,138.391819522417,104.064442420454,176.166638540934,-165.162892558199
IA2132,142.058297151113,126.611403840548,70.5791465859979,144.605495533965,-119.16864007468
IBB14,91.6938842406027,-514.129133851777,-53.7731666683533,-86.7121405989592,109.589218906938
IBB15,391.819678548685,-978.78745420083,-114.960692660392,-31.1617072348767,-77.4538646396554
IBC2,398.190246399376,-781.202758534599,-177.262721362946,-116.001661920185,-124.71565382857
ICI-193,-161.825493691694,-254.485949113447,289.384089178554,-239.527056986097,49.5637348146616
ICI-441,-619.017708078848,-67.5806311898519,-451.98590425857,170.512171790066,22.1895611542352
ICI-740,-631.598974298566,-65.6300658054204,-446.328899621077,169.049064994092,22.2552342677315
ICI-893,-480.985993061236,-50.9609933013463,-346.295046170574,159.773286558691,112.966861838214
ICI-986,104.268827158293,-539.281024508775,43.2534277747122,-113.551758256847,14.4999585716798
ICI581,299.01537642061,227.436731252075,-188.150054920702,-76.2695832746252,444.987857888355
IDS28,163.656325153819,107.007322474155,100.597455860417,197.005987936682,-164.35583943897
IDS69,156.367921287815,125.201792734389,103.691191637859,236.960775925461,-172.312521784157
IDS91,158.178773159608,127.512232401186,100.109948235721,243.17777401254,-172.28519698351
INB-101LFY,-331.828639564574,-16.1533077024057,535.535320040755,-394.900572148415,-10.6669652217358
INBRED-109,126.225604338268,104.55146198043,105.724757373399,131.796466289108,-100.681283720999
INBRED-141,98.2035346862447,83.4669587802056,106.890193584536,146.911054852891,-78.7354021070364
INBRED-305,125.163526337645,153.928668439541,107.659601939108,160.304574444337,-149.141741724688
INBRED-309,128.893016402426,140.656218152441,110.06858316601,163.66496907586,-133.885865190796
Ia-453,154.958983688335,159.133609221636,95.954010615456,147.168407562952,-104.743368963769
Il778d,161.365535519047,166.096813717989,83.1226145991371,116.974420867355,-120.755380742576
J47,136.223633618114,125.116239639532,95.8337333332437,120.666438360455,-58.6040275383393
J8606,362.25057267076,-260.415401922489,-192.737585583644,-229.338041388038,-59.3126355112207
K150,108.269258078062,98.3534070797372,96.9187188335316,141.149106533636,-74.3155424921041
K41,128.924460590114,94.6812465357621,88.7299397579529,152.824057199242,-98.3826430261962
K47,158.713088157135,117.849535422527,105.440812571173,177.924447659925,-149.693190141218
K55,131.443325082724,120.627069283114,93.8495040810192,169.962041029129,-82.9280653619878
KUNG-70,134.409589213351,110.392361485695,84.4732950898357,168.831912949711,0.606837725867401
L-127,351.769490522379,-775.52400892578,-64.5287456301141,-2.44868194515865,-86.8714387972725
L-135,395.640484948855,-938.21236979292,-107.774292653428,-26.1159787851384,-60.6614014136063
L-139,353.837115899157,-336.14055533025,-105.505999564424,40.8205566716569,354.903270624298
L-155,218.20438093688,-773.154863368644,50.593800626828,-130.203312485118,-77.0554663104987
L-289,156.248566166214,156.789785265833,51.3044119083201,101.726401060314,-43.7944554348793
LH1,-78.3014649897593,-200.055654318715,-97.4970938299339,56.8064346483314,287.407192284892
LH123Ht,227.162651864837,206.04723874474,-147.315553270671,-220.095400169057,462.140131115317
LH127,257.582205474477,277.032052875962,-245.480565968202,-351.176830646194,221.460227976468
LH128,64.2304954346527,96.4011488694727,-231.020466452474,-184.584276941469,34.9309112801298
LH132,-769.596369684384,-56.252650629401,-434.057145850641,167.893990399941,51.0944839919556
LH143,-450.331318766238,-29.991094524111,594.506798507065,-479.280217296791,-11.8412512490966
LH145,-357.221867780373,-19.4876573260596,552.642194412305,-390.742805415896,-2.50586526985881
LH146Ht,-530.114524981746,-33.453176380558,207.86317364156,-213.696785867396,-68.4897585847023
LH149,-607.542806558309,-8.45177621997429,-332.57755512719,178.900128206337,-106.783503066319
LH156,189.94337479816,128.486638704094,38.3533960993872,132.730957308907,216.620192062127
LH165,310.404902310485,1.219051206552,-231.59179487492,-258.309390708339,-156.949094497392
LH166,224.737350842364,-187.154976454875,-91.3763801592061,-46.3528546019952,163.651988240983
LH172,226.124659880046,-20.3338296929929,-42.1100490875398,-13.3849572579303,155.126444609994
LH181,322.768002299566,284.794031527453,-305.437937735313,-350.395869012899,199.495655858468
LH184,242.379561473774,225.441854599017,-130.645103727399,-198.373895046469,-62.9906637174727
LH185,333.049977223167,275.245877651563,-292.934264047293,-349.839302329872,173.185693731119
LH190,-686.021925102804,-38.9196122758709,-241.411632506452,64.7738934501462,-91.8529577315576
LH191,-425.604859876981,-23.4361949896936,-241.411927405707,11.2611319142438,158.509218936132
LH192,-589.946671801638,-19.1043428707096,-359.594467209324,190.463238685164,-39.4395063462921
LH193,-678.293103738113,-40.1214711721952,-371.750613968603,172.122854303832,-23.2278997710852
LH194,-531.865958022109,-114.001278122251,-384.262766243048,174.5440776345,8.97356220053121
LH195,-625.520950387382,-146.175439383787,-431.310651561124,155.926121863209,86.0460888623305
LH197,-630.387900415849,-43.8443913622908,-267.989506198262,114.88464285217,14.8053367516553
LH198,-717.908757212996,-46.7447847172074,-296.763247828653,106.570715778097,-22.7120592837751
LH199,-647.127220426478,-70.647079916832,-398.444374575738,163.878009557206,49.4677891775085
LH200,-640.338306527324,-149.291260298218,-430.602883185707,160.341731080277,86.5740455173687
LH202,-723.927860914776,-36.7626180865467,-415.357345049587,191.711323897522,-123.615824467295
LH204,-583.534577767688,-136.581264678524,-226.674892093883,46.5957352318054,-44.9084106980469
LH205,-740.83184431325,-62.2678028970626,-136.948513113398,-48.9864985901545,-39.462431178116
LH206,-628.158094276247,-94.9693167409526,-92.2444999491791,-49.0596714446363,-12.2019053000972
LH208,-544.828844297027,-109.278589193096,11.6436603964695,-115.65514946287,-6.90258957538848
LH209,-753.441725495716,-62.0182357951681,-217.119235450589,17.6688074838735,-36.3910909359574
LH211,303.567735352201,277.675721127193,-316.608157360014,-344.53819009591,134.054080446552
LH213,289.915461341745,275.989129559706,-274.047133126825,-373.509173848371,239.119439234129
LH214,298.623079879543,283.92349147872,-279.884023313222,-374.424684462574,240.924556244144
LH215,306.308622800167,247.247497323651,-234.476905318132,-274.850679451784,-103.840165691067
LH216,365.663506418559,391.09874209,-473.436596799928,-611.502649476877,-166.2167035809
LH222,-593.125697555452,-43.8874967545187,89.559336847618,-138.537025594668,-60.6266175605867
LH223,-388.689723613868,-23.4396551559101,523.416794444178,-377.582481140657,-21.0741275135358
LH224,-475.715356567852,-48.3107333129305,407.199661925705,-319.917952054126,-36.1836118952735
LH38,301.905345918088,196.095175421126,-70.12337302467,137.585824298409,761.775736667523
LH54,354.732284095186,358.198998400663,-396.63680547068,-523.333716837725,-229.006124852793
LH57,347.558617902987,341.695172274675,-396.148447280948,-451.940948290017,-156.215074962032
LH59,342.918243278968,340.417194731578,-392.221027384407,-450.298518760692,-127.6797640827
LH60,289.377303002456,262.611606442959,-201.436011071894,-247.906467776294,-212.729334729635
LH74,-706.333304635912,-60.5904326703403,44.6705057818381,-179.431738462635,-61.8296598981356
LH82,215.903597689496,-194.515153133555,-11.3251324213742,56.1246819812354,-89.2327729763105
LH85,157.554300726175,53.3194047841971,75.1856104572475,139.985551752964,-49.4087128637178
LIBC-4,351.55681734003,-540.358794951653,-87.8164462682803,-21.4519645415524,47.3949237517422
LP1-NR-HT,-531.606418932782,-42.8878737613117,604.422844437458,-504.604645333911,19.3661442361543
LP5,-618.942083935857,-20.7519279215564,-363.90508580296,190.278891547823,-113.285743125019
Lp215D,317.834731100661,318.499285775818,-305.71900617992,-282.407063844549,147.680806182501
M14,117.355545707283,87.7471060326868,102.210890040646,145.012285025493,47.475675071917
MBPM,179.492900087938,164.915413158987,42.4139897327001,101.677652457749,242.483657060447
MBST,311.850069216173,236.392206827516,-98.9280553405842,81.3100792758743,675.879186865165
MBWZ,306.486885975501,-349.176625934556,-50.1339858486064,-96.0958957521728,-7.72395543738146
MEF156-55-2,158.294310543341,134.98008626084,63.2086211240987,154.485426165108,-93.3951448073781
ML606,259.055883949668,185.624027163471,-59.0770910670009,131.167685941393,584.051056410654
MM501D,312.566018053112,243.401353992404,-140.168487414174,8.08975312661372,502.530767611184
MQ305,111.330525478919,-595.236585974194,167.680098986002,-169.550707906111,-53.5574162410917
MS116,123.864024509829,110.093582366426,84.3274045310382,109.868937100653,-79.3778545515558
MS132,122.469241496473,46.6118069091697,149.756964173132,59.32320347214,-31.7672314835982
MS1334,143.376818639184,121.774050199293,92.0064444813261,151.976476848087,-117.980993276247
MS153,156.285495379516,124.479237223567,72.9780151952549,162.043814770896,-26.0498784928106
MS200,129.63594014691,98.8501150819819,98.450694172765,155.845329909112,-58.1762909752906
MS211,126.785385077596,103.256043617309,111.633633912817,112.56724874714,-76.8613568405062
MS221,-335.554841613048,11.7396170758334,213.161810672948,-128.072241500208,242.473721986334
MS224,132.794765312321,155.009460566426,60.5548212340911,139.597149840002,178.932020188655
MS225,144.392017307424,163.359609266214,56.0381538094922,133.498030599735,133.53434562389
MS226,-56.0526067269104,10.2444409205151,308.223457996461,-144.788243080344,53.3004002006682
MS24A,146.181733514631,93.9811535767557,101.27192293709,141.171811827709,-80.6007812041972
MS71,116.467593599963,110.58905924589,150.010099625905,199.871851411113,-111.664667010949
MS72,120.262199154446,111.12896710515,114.695758103889,161.464938709516,-79.0041252275608
Mo17,404.712812993535,416.475631622252,-545.704495510722,-693.159653613999,-352.326595792168
Mo1W,163.932298468772,94.9864590395287,87.6596841987492,150.288782764533,-8.18871007496277
Mo44,115.183651951977,112.213792829207,124.405806911932,200.772459748954,-100.736669847316
Mo45,56.6819748184749,74.3629767998405,52.0415892309892,-10.4160141371652,22.7214261210536
Mo46,78.7935989543883,75.5956935562045,27.1013339015806,-23.1747092319167,23.584894716298
Mo47,58.0438337745863,63.397371785801,33.9074313204865,34.7615315280574,-4.82826879903721
Mo5,145.774110596102,116.51564370582,102.668624690846,176.281469438566,-80.7289672304489
MoG,147.827983897845,93.9807020696475,101.839189543701,122.762807317156,-68.0030777838276
N192,-685.90226954874,-44.4810308476126,-126.729121290724,-20.86686490683,-98.1469198724114
N193,127.563321381444,106.029845214592,25.3069062633755,90.020664472409,-29.6783690558245
N197,355.305813699615,370.566516566586,-430.117833157388,-558.122855185104,-324.34894205293
N200,69.2797547801027,112.91468000357,100.427778056496,149.808304406985,-39.4515736047415
N201,-753.809904464371,-55.5300073299252,-437.620420383945,180.02455026982,-123.122336574634
N209,-163.290589991625,37.5971033440747,57.5333238081421,7.77441861955432,-66.4298138100878
N211,89.0938430140465,27.4967879100631,105.310879124638,104.703138598936,-48.7890546530424
N215,99.3872466759329,60.6415698853359,122.081933334759,126.184353217212,-76.9807157771451
N217,-440.606888565435,-56.0334709787106,390.708497533805,-342.414272541976,1.61269010506235
N218,-530.536036969813,-50.4289332899639,165.332545945513,-217.6797735264,4.08652999968332
N28,-114.55185444215,27.9702743962658,49.7611702606885,32.4761925793474,-71.521559435226
N28Ht,-108.144101116365,34.7691363016552,102.749097182608,8.57282984620671,-65.8826779128669
N501,-185.461460581443,40.4491097342178,70.335225212715,31.1048382356926,-32.3895027109714
N523,-91.7730584195308,35.173822246871,114.919029845625,44.2983158085157,-73.224370376862
N527,-116.924135358938,20.6724449024241,97.0244196321823,44.0591040176013,-77.5067474983642
N542,-115.973477850033,1.19804842011299,106.319805888481,19.9905370751529,-81.277345447821
N6,120.966970331426,91.5909044787121,86.2381105055961,147.587808759211,-84.9759354006384
N7A,-127.486414000879,53.0880802817897,187.728155833523,15.7031359464422,-52.7077476964354
NC230,130.010981882011,134.821565799696,71.5285714881126,152.197660436184,-102.769466348794
NC250,-135.383872713004,62.0206320672271,-67.4235018347472,102.021151593423,259.76224035945
NC262,231.262225463854,234.977692402236,-86.042732860213,-90.2797561464168,-137.70211939593
NC290A,245.830925681575,217.898449267665,-90.3716090992362,-80.9985638965524,-142.659837634018
NC294,-500.15944538596,10.0743639049806,-317.969983639361,172.840679282306,107.420405174035
NC310,-695.486143506304,-54.9172447471898,-403.412329820839,188.253764234522,-51.0173350993303
NC326,-766.473338988348,-54.9456690807451,-408.804101255192,183.773991866416,-106.634168954166
NC328,-686.229420565821,-41.9307047004065,-445.580182726738,217.154518415192,-57.5099767723211
NC342,238.072081641234,213.97984596057,-106.990160842272,-94.8944727548571,-137.170197304066
NC368,-470.87370523375,-5.05173941793164,-267.953071675958,148.357693818254,38.5718021262841
NC412,195.473153324985,178.5364402354,-22.7694951413724,4.17337938680695,-129.99352918448
ND247,127.553064606286,114.028918152922,131.55939823477,129.913544785846,-82.2035934779619
ND259,119.968734174819,96.2385137959315,129.583582761746,143.631320201956,-95.5730159884433
ND265,78.7245541675911,85.297539575171,117.656049128266,94.7769147666255,-83.6834908124147
NK740,384.351362246334,385.247818217221,-491.044311656638,-629.378610091837,-334.002252998468
NK807,-58.1681849732298,57.2098182285465,10.1433304097129,98.8047778029323,191.759339683307
NKH8431,-348.907624783802,-19.4162970159219,185.393586171582,-132.052335116225,-26.2169664581091
NORTH-7,173.328882757479,157.178932276514,47.1479543766982,143.640742274348,186.914954099255
NP899,333.512353795679,-510.462896596944,-113.854424473508,15.4960038333596,102.320316315445
NQ508,131.187884191541,-547.802422540908,-77.6211890626868,-116.452607275537,112.86674124797
NS501,18.1055149806272,-543.120503879404,193.355800543598,-231.06385975914,4.4028521705859
NS701,-695.750377108307,-47.5535608721703,-155.173341831477,9.65237835472514,-84.7844514666509
NY-159,128.184834757022,112.935826309188,92.7059250410555,107.912913896079,-108.994258851497
NY-166,161.221056738903,104.208381487838,79.4240543774064,155.719340154984,-81.4816022580186
NY6371,116.485708610947,115.338382333816,91.8660570972818,142.556238164193,-74.8393637031719
Ny821,216.431154549553,219.826996367328,-34.9717868745431,-23.069327192216,72.1092936405176
OC19,147.341691352241,105.215360898478,98.6480980740318,132.805277267771,-79.9641397051463
OH33,136.192456372162,108.030122924579,115.80075509025,133.530914260537,-108.904789300704
OQ403,199.234248537185,-622.646676116894,-82.8172929128205,11.51740344328,1.15120266157117
OQ603,194.22846810494,-600.070813912362,-97.3349306475005,-120.073690869725,33.8318904593255
OS602,98.4075167061873,-602.74595267845,154.549203066761,-178.330262106548,-12.345515438363
Oh40B,226.270974043153,235.18934624494,-33.6473921584524,112.090482874049,423.420771297082
Oh43,271.367431363259,259.809458464703,-53.9509781699308,153.075987664668,738.240235092841
Oh7,20.3552752019211,89.6415194305112,202.933737534633,60.249155377911,-49.5648444470347
Os420,100.262195914094,44.7253141834959,104.974919492923,171.462317775381,-112.547166371193
Os426,94.9839207856875,72.108456273009,94.2207023850485,125.881247187012,-100.145367757673
PH207,399.123487298024,-998.698186270378,-118.078588695591,-39.1976686320135,-69.1205144614831
PHAA0,93.317575196827,161.547328838634,-113.06689879162,-167.991060522852,149.579685097681
PHB09,-211.014845212986,14.5049959141394,18.8027232719699,-73.5999336575573,296.567616386292
PHB47,-153.807696996535,25.0045619785224,-27.7767338835714,95.7205208495367,336.116363567364
PHBA6,253.680079385,138.838970587556,-34.9544072078543,16.577564030608,143.675277122317
PHBB3,-417.227067573247,3.41797814221121,-32.2469275134918,-109.61903233866,296.124143767668
PHBW8,-188.606459966528,96.0618430684153,-100.161013830895,-155.465902534718,234.777777703355
PHEG9,-565.820038355319,-22.6499172001888,17.7472231694895,-105.935087153042,77.1092569700566
PHG29,392.477477913498,-919.738769021643,-127.942391599709,-27.746344278481,-62.7997067664539
PHG35,239.865471819109,-200.458649947714,-4.00587236245128,2.19081640104153,-50.8839877873349
PHG39,-312.735200014169,-14.7690096763143,197.682580860421,-246.555137940867,290.08206625112
PHG47,254.187359986715,115.360219637996,-21.5601465449517,82.7883802450509,357.633701527081
PHG50,360.473713332534,-700.399635334414,-67.0441916001328,32.7464847623311,-89.9756443084561
PHG71,-112.481255280499,-475.52675703335,284.119717844105,-274.676909227718,-22.117189969991
PHG72,120.459697217044,-648.814539452925,91.7177164326284,-138.195071127064,-5.33109815094102
PHG80,-147.124532799618,91.4749238044494,21.2290417344882,-223.883128522897,228.468837278695
PHG84,209.598510400439,2.37609648766059,3.28072308654139,37.955681641752,-66.091818519056
PHGW7,271.307491223942,-815.245199217258,-130.198553250879,10.1659615887459,-71.8351861200445
PHH93,368.605530561003,-845.608444135948,-98.1831127805592,-19.0529029007883,-60.3376846463235
PHJ33,281.194689804873,-215.706991378477,-107.618572848146,-65.3019792447025,-38.5693409937996
PHJ40,86.4858353239436,173.263228487258,-118.779689645383,-212.382988416112,142.042642197305
PHJ70,-361.696662909103,24.3095403410423,-54.1101015980872,-28.7911617975337,75.6023512422565
PHJ89,246.469945818984,164.813246846222,-43.8357057408821,38.532697121714,372.518159198813
PHJR5,-384.285836213212,25.8997782829388,-102.237568793884,4.67198403088343,214.81486301226
PHK29,-399.901071648007,-3.70028538723575,-99.4018512024625,-95.7032204892144,236.249169445638
PHK35,-493.682977369102,-20.712760066442,-28.1828768144436,-163.742608589766,225.922897891188
PHK42,381.39782282354,-871.652669132194,-101.552911662701,-7.53207575787012,-52.4831482519384
PHK46,216.242403969624,-114.67615382548,-32.7240459492696,32.3195832306917,53.165403130719
PHK56,303.944407896537,-85.7997261295108,-43.0143727189379,18.1483306770931,166.386357712043
PHK74,264.329227722211,-573.065021418054,-28.5747028542792,17.0879057969538,-38.8437679271572
PHK76,275.150629758448,254.640549254328,-151.847105450363,-226.554875196509,198.655441152932
PHK93,188.233899599016,137.077469962046,41.4204587062201,142.368662135212,191.170662184325
PHKE6,339.027492154342,-472.764305258767,-103.113505553868,22.9669919087579,146.891663087808
PHKM5,-17.802649524509,62.173462959791,227.81308613403,-27.3752893816437,-70.5928759939567
PHM10,153.567451749246,-698.316212320354,-4.4302564586783,-120.265525467961,23.0978431911513
PHMK0,-122.923172481819,24.7522266035715,32.2215530862279,-11.0665569773846,72.421983131476
PHN11,380.990846997635,-855.805866660635,-120.351964771913,-19.4351039007169,-62.2961786457217
PHN34,175.419103705546,20.4008252336286,39.2525790771671,116.827581917757,-103.726456417757
PHN46,252.214265484308,18.0377622917004,-71.9429933456792,-41.1097347385299,-32.4194863126542
PHN66,-253.713498314125,49.5189971321352,220.096790221441,-307.020756680176,99.9715879841907
PHN82,346.474661767215,-689.344761206481,-153.179326975873,-42.0796040475451,-60.9684226606181
PHP02,340.727165051313,-878.846863855265,-79.2212955038936,-56.8735518196048,-53.7174558318817
PHP38,-371.312681411817,-12.6917542891624,126.460383747844,-209.852431031381,279.781580131982
PHP55,281.385827706007,-817.824589409092,-45.5677638339762,-69.616849310085,-57.8374818085914
PHP76,307.431655222785,-546.439025742887,-43.4548957800588,6.48951722469296,-15.4089228582376
PHP85,-487.412669424106,-14.6460976388935,-31.2230661929931,-152.343018387578,241.381162076301
PHPR5,-227.684698201218,60.2146216050186,-2.79673888321979,-125.919062495144,224.338599105186
PHR03,299.686639691388,-243.762504021861,-142.09789567195,-85.9380997691259,-8.42441163872419
PHR31,368.632624890198,-731.83635418771,-97.5689045113647,10.6991682107415,-27.332262832234
PHR36,209.57384847323,-92.9363430979238,14.7256493360715,96.9761923647189,-125.016501811818
PHR58,238.991081134374,175.764500942263,-89.9776921271033,-76.6023923143271,9.9978308841248
PHR62,331.313357136641,-470.3754632305,-44.7648119158073,6.82046449983033,-81.8923572514353
PHT10,-602.6672916837,-35.5040881955599,-116.002157376183,0.142692700524623,102.240838738947
PHT11,-391.09565432876,-35.2151503295457,46.9351464899964,-38.4462747325781,122.934397977952
PHT22,311.209254303255,-304.825921493733,-96.2708322806096,-22.127417344784,96.0473373429105
PHT47,-291.600605276656,-17.2288233222475,140.495854856346,-108.820632826789,330.863209096861
PHT55,-282.830822118314,-22.0388318550886,151.138707596809,-201.925877911305,267.575184966909
PHT69,-71.4203432491736,106.250938275013,-18.8820689322502,-150.274245326323,221.938776285778
PHTM9,190.528363619973,94.5403707970914,46.573449448023,121.329425435832,182.504220686208
PHV37,-191.140949849717,63.8591799087337,137.31477262455,-216.147564500031,182.098642105506
PHV57,277.469209940772,-754.409807130111,-58.143341051963,-42.7015678345757,-23.6401377808289
PHV63,-113.141022089907,88.5904210928826,22.4461532605017,-186.393339847562,88.2376873077512
PHV78,269.403379586331,-146.719045174907,-82.8083977141616,-69.1867854627095,8.29566749909625
PHVA9,-203.222961720601,23.5413020978583,-62.7132275925672,-27.6710332496905,284.570646073562
PHVJ4,257.237921898451,-630.629200471086,-76.0958893608385,-66.7108067014557,-6.19104080732876
PHW03,60.5395728087277,102.601855554997,54.2911605304463,121.838813237771,60.3448358575037
PHW17,-506.229631550549,-9.93825989164358,-167.443598451783,111.728839630695,-90.6842743341635
PHW20,71.6618034524572,70.8023846296357,133.326265010647,24.9020449535185,-46.8460398817463
PHW30,314.476457892534,-340.628595773826,-110.977493960455,-2.51118098902747,80.7028826520927
PHW43,227.214706572221,-65.9367205248402,-47.9495449028009,71.271940958452,220.729465612809
PHW52,-507.417442834816,-10.8888032494279,-26.9108486158082,-95.4021452587962,230.127251278579
PHW53,306.711957640869,-435.507831054095,-34.4698090572158,47.7732238937218,-70.3153352083123
PHW65,264.003389354172,-29.5081639048547,-47.7690976421274,-36.1783731952619,100.593105097904
PHW79,73.4668376543695,93.0766272766406,-104.945569870072,-54.6733481692573,145.640327686404
PHW80,264.525177372504,239.637942180898,-110.810034267018,-166.523294741744,268.335829071145
PHW86,122.082911366431,-649.341685077912,123.433006330642,-136.865203368112,-39.5273376029037
PHWG5,227.098335826049,109.10482154631,-63.44032946454,-46.8657306414822,-6.28075855315558
PHZ51,229.072958145263,92.4664547948432,-45.7855588597733,-13.777348564994,-100.870616096749
Pa392,65.6587429275357,99.8717587961323,145.885444909716,140.491085293568,-74.2356024421137
Pa405,120.473803942746,131.62303509892,126.94502712895,196.842491608432,-71.267710010473
Pa762,261.981009261614,230.182542730808,-14.7749240244215,150.148907882584,586.305163030221
Pa880,145.504258778324,83.9781481534914,64.9588379085271,111.125983376367,-71.6458737443167
Pa91,191.81819149786,126.563807837507,50.3986729187308,164.081272197716,274.209537435865
R113,122.87642995288,119.810997257751,121.250364157743,156.500090818681,-8.43578788472761
R168,128.087458889846,113.056114963461,149.849775065138,165.12829365858,-40.5404334546878
R177,185.333862456061,81.5066655281163,98.1879366554467,167.871186510488,57.1284027413642
R181B,116.964567867668,45.5301767625504,73.8123523106035,132.526089012428,-17.8025592156335
R226,-49.1036088126667,70.1975662648211,188.239238987424,-13.6967881546555,41.8452974681154
R227,-121.446967665748,25.0948977290131,-8.73210020954736,78.4256892116244,-98.3695797881977
R229,-685.653880143909,-36.7252239814175,-386.733098774934,184.00469292675,-129.799477811311
R71,119.74345557343,45.9604061094231,101.004775859399,176.782091051428,-75.7839356233006
R78,130.248089354085,106.686297615359,98.0513090265402,153.888239392331,-117.140032447744
S8326,349.92025788833,349.32701380287,-435.91959585907,-546.331759140312,-303.001336067192
SD101,-42.590474654689,-75.2490337452282,-91.2477695425301,35.2437558921556,121.516311904558
SD102,118.039950141726,-346.719858023564,-53.5443278268459,42.3783319307096,224.857996572223
SD107,-301.356607487407,11.6431555240596,449.848004517416,-314.951732224979,-22.2506813154621
SD40,167.975559633465,-606.627974835665,-90.8332398006648,-104.136952865177,121.522941579443
SD44,179.529640153403,-42.1484722520181,30.577932844892,129.995824179545,35.50398811751
SG-30A,138.286321882077,122.727572976917,110.404108875674,225.529386031581,-169.716544891317
Seagull-Seventeen,406.237787716924,416.660449213327,-544.803804498666,-695.526902459348,-354.833589377864
T242,120.398429150026,107.247864173131,85.5475577762798,167.612795370032,-84.0112300701867
TZU-CHIAO-HSI-WU-105,133.655811186825,131.309092936794,80.8951556868725,160.824573862972,-150.984702295328
Tr,33.5688410205114,58.2748012976428,66.4405103058862,138.38902859544,-71.9274234067225
Va102,194.138972623966,205.044184254528,-7.54985291999488,-11.3863482115893,-155.626241631363
Va17,199.088921199465,98.6572068796058,68.4625924260225,109.78771564496,-26.5630263749277
Va26,208.242658995702,196.834447608705,-11.6394542141043,151.751635508683,488.497858277678
Va35,216.76666035521,207.432969635466,-15.6975510026975,-30.2936687256117,-168.922604762722
Va52,243.028032481972,156.195516469002,-52.4372888441232,-31.502127505235,-67.0260800204325
Va59,247.954643941305,249.341513221846,-92.2652187376128,-124.483355066778,-171.27878098641
Va99,94.2449489257062,86.773266404209,136.713662894831,102.734968901098,128.416127828112
VaW6,153.992531494988,123.150738411214,36.7599108933189,112.03428343852,112.402575100351
W117Ht,140.232981936671,105.886224067725,87.5937372421928,117.500608760264,-89.822874720487
W153R,186.963845475455,108.026932847842,65.980599796117,144.731837373985,100.136225145246
W182E,150.91413419079,130.885520891446,149.650374558754,198.469346655398,-71.1824649585037
W22,138.842408204337,142.138891116109,158.327483038143,234.393146224665,-46.7509545488193
W23,151.015452738514,133.38674192923,122.877615517139,177.268817832763,-90.492769368413
W24,93.2983995301294,43.1237024917875,42.5907334833949,87.2746082443224,-134.02378957709
W32,129.604982801826,123.98126293447,145.772503610197,223.928178404896,-110.772946336865
W37A,135.884745125424,105.121387117799,135.904449130006,208.070388036298,-89.7656879898164
W552,183.661022520794,143.858714568644,35.9345763884292,88.709917786689,65.9066050225648
W602S,176.596999572183,194.229124017452,-132.08472131348,-167.092497356906,-117.001918581867
W603S,236.652583865897,251.954271695233,-136.137133916073,-163.489490993444,-44.6504657510957
W604S,197.474555231873,249.851765943453,-153.397051357536,-200.745557429432,-84.902337660078
W605S,284.447275113514,274.657480221518,-210.194010348549,-205.402829117823,-38.2392022181375
W64A,175.55944516172,111.017087205035,-34.4027446240202,29.9504713087375,-57.5155917050304
W803G,100.514385600383,123.659864065208,20.6810101093364,25.0650404585914,-90.3996603742855
W809G,-559.547609414526,-12.264632292861,-294.520737071004,142.416217903433,-77.0036616664707
W811G,-499.398230386621,2.18345831645229,-190.399248858073,93.9536380465298,-17.6577797984338
W812G,-356.693851547534,-114.679525313051,-214.480426917888,112.301859218857,32.82169207737
W813G,-436.522769083957,-2.90664938217466,329.080695601981,-255.67283701194,-65.3023866221121
W814G,57.4514702827682,6.74767400290635,107.504126289465,-18.6321998680555,5.73809323449666
W817G,221.578131984338,85.1753475950834,-73.0298815683512,-64.2605082093491,115.739436510228
W819G,-547.067849258384,-21.8808697128238,-102.886352139339,-24.2745561447346,-44.2225160952617
W820G,-426.771804896439,7.79733844111493,-65.7344511995685,52.7824714637916,7.8427986740045
W821G,243.514564682062,116.524428488373,-113.959855020523,-17.9083546121773,264.755173225274
W8304,-639.63039677133,-21.2055188688941,-313.637403288663,77.2405153710488,-127.08545748181
W9,128.760572358861,132.154260619026,114.057156223875,192.732151470378,-99.4780866392006
WIL900,327.651644649403,371.858970102374,-405.852310320418,-536.108890070345,-303.116779481309
WIL901,337.639244427284,377.641788833615,-412.110043292605,-547.874796283036,-321.624635280377
WIL903,354.220034522165,373.540552782383,-430.056462164515,-555.846493763462,-325.773737312495
WR3,116.584294978076,100.720045962338,104.04623202871,155.18505762013,-96.192397344107
WU-TAN-TZAO,109.806736994792,119.85945442271,91.0908762207963,150.833376883506,-143.003441894288
WXB6,85.8002327577747,-97.7531980870461,63.8698613502564,75.2457997508159,-5.59467054510745
Wf9,179.03283570237,95.9992125930743,78.0119550781833,138.639366854275,26.5509227378847
YE-4,126.390663741545,129.007811996244,94.9961884219705,159.035674592832,-168.03195120596
YING-55,122.209307720251,94.1312666286948,119.515845864299,136.04480514951,-104.734487924788
YONG-28,134.178001764945,114.61333738425,79.565092691512,134.102172552347,-100.034695742323
Yu796-NS,158.661071727275,168.243129279794,3.13851552159929,3.77292534664255,-121.184068221941
ZS635,-384.152088267519,-111.289311540896,20.2251087123259,-159.274008143738,65.180626348714
