Genotype,PC1,PC2,PC3,PC4,PC5,Heterotic Group,Env1_Moisture_BLUP,Env2_Moisture_BLUP,Env3_Moisture_BLUP,Env4_Moisture_BLUP,Env5_Moisture_BLUP
1538,25.2020025961798,-431.348812506856,214.569283353803,-214.397175997557,70.9258926339337,iodent,0.0020442929507688526,0.0021179159086423542,2.571976892280982e-4,4.870833481967706e-5,1.0743786568051187e-4
2369,-596.320930276939,-0.0222880548974839,-391.637908153477,171.399345542573,-82.2781746275751,stiff_stalk,-0.005171884788638526,-0.007118353427623843,-0.003019188135301525,-3.5079620879908534e-4,-0.015189289341266917
29MIBZ2,374.497240119992,-781.526971643624,-74.4863298165791,-14.0042439253822,-55.3369501235091,iodent,0.003474249038456692,0.0021797204098033983,-0.004680255537025703,-4.666081611126766e-4,0.020934240689297345
2FACC,-472.104514542482,-10.0563277193251,-171.007218530205,67.3876759273011,15.2633489882158,stiff_stalk,0.0021345222969807623,-0.002974960346084866,0.010164518988312313,1.28758728295121e-4,0.012152061160673945
2FADB,-473.936098209365,-13.7991295493402,-153.454831805492,50.2477167560498,15.7697305657141,stiff_stalk,-4.808536849561983e-4,0.001062523975971027,-0.00857495756772593,4.837917786066174e-4,-0.002183930341859701
2MA22,185.978567682557,137.66857689133101,0.733892729580886,77.0681578009613,124.050460990932,non_stiff_stalk,-3.2279445805049873e-4,-0.0014602959326908403,-0.0030744932637952675,1.2355806189095914e-5,0.00909572960782488
2MCDB,203.108993748844,144.597248269032,-18.8150844278405,85.0829568301036,193.200314835399,non_stiff_stalk,-0.0014965162656448432,6.117014583871053e-4,7.600956072413916e-4,-3.344668738641541e-4,0.007413435312114196
3316,138.078749950408,116.478361077763,111.311728977745,103.647216455523,-67.3591960284273,unknown,0.00192846918673846,-4.992382964836423e-4,0.01626738220833681,1.292324530323574e-4,0.011940553029628377
3IJI1,366.899288685483,-793.768499983279,-86.124227973807,26.9395606682378,-72.1893944105601,iodent,0.006355178199221323,0.004904858190440099,0.007877048408153307,3.1149167546100376e-4,0.00570026058728513
4226,135.27478082693,93.4062047616647,98.8773126888799,144.674983328694,-131.491006885089,unknown,-0.0058160556363350165,-0.0013470989206538604,-0.010957125919383028,1.1425782162916229e-4,-0.018214199938212987
4F234BX4,135.181684637695,139.664864162157,90.3488446843414,164.144586831363,-124.665931248212,tropical,NA,NA,NA,NA,NA
4F306108,131.339070862814,148.026941232379,93.8980404753073,139.417911913169,-112.319486415337,unknown,NA,NA,NA,NA,NA
4F35BK,120.764282001525,142.698906835344,79.2569439231168,165.626516814514,-104.120428900588,tropical,NA,NA,NA,NA,NA
4N506,NA,NA,NA,NA,NA,stiff_stalk,NA,NA,NA,NA,NA
6F629,-369.403709542961,-11.1298088264467,-2.95457000604306,-10.7520663136572,129.628689155651,stiff_stalk,-0.0012579700406750818,-0.001118573351625001,-0.009733760490731977,9.344313644914782e-5,-0.0037669378571232553
6M502,236.077585513574,201.045667389598,-86.875754844818,-89.7024259948079,67.3964366826702,non_stiff_stalk,0.0017894487386776136,0.003502238660135857,-0.0022334214113376907,-1.8803213670631964e-4,0.010617242842943705
6M502A,240.085562407204,201.426054683317,-56.1512213845493,-57.2959412278152,97.1245008234243,non_stiff_stalk,-0.004972433823445629,0.00344025747276727,-0.0012616370504823435,4.72874421730194e-4,-0.0022917772201023357
764,-612.782428041349,-26.655134624285,-62.3255760402968,-26.0529694365147,-102.259907428458,stiff_stalk,-0.006366237279489895,-0.005904602340242627,-0.006116059691293936,-1.3505834407549477e-5,0.0015400521230141489
78010,NA,NA,NA,NA,NA,stiff_stalk,NA,NA,NA,NA,NA
78551S,320.751688481267,283.758208458771,-220.644860231548,-187.805040850984,286.707060547005,non_stiff_stalk,0.010492901838927754,0.009594294632026962,0.004926150417482705,6.000642441629234e-4,0.029820748307545053
790,-603.636245835993,-37.4761457263699,-93.0061053164518,-6.56696274406698,-89.8675342457861,stiff_stalk,0.005687347392222004,0.0032522652446988895,-0.0013236055633268006,-3.9465763032673143e-4,0.0027976090517060647
792,-557.179060743772,-41.3947353543248,13.868858025682,-89.0663544435405,-75.4963565958116,stiff_stalk,0.005098875248486555,-8.194521984810424e-4,0.005077354146365463,-6.290616363021796e-5,0.006557100904946581
793,-707.709805990801,-42.7930716241105,-127.976431539375,-26.7307845720551,-72.9650816112795,stiff_stalk,0.009478546863708987,0.0029212612721344526,-0.002293374485527054,1.0893512242573955e-4,0.015986326377704127
87916W,-501.90232207183,-12.832467790294,-288.071893203133,160.684008208417,-62.5301567990124,stiff_stalk,-0.006748852366605581,-0.006360768702058329,-0.007395266907492813,-1.344010072711032e-4,-0.020881294914688976
911,348.920502224973,-564.663027682006,-103.64066498846,6.32998356163008,101.368543479734,iodent,0.006075602517204011,-0.0010787948110211145,-0.0026951763667671974,-3.9763189867898305e-5,0.005814834924387798
912,332.005654774284,-482.394642437863,-91.3049399798075,18.1878405203907,138.242183682897,iodent,0.003935804843661899,-0.001192896109333472,0.0039492955653027744,-4.267483974687043e-4,-0.0029784399360758165
91IFC2,358.281302720494,-537.815486591788,-192.797826267591,-167.799434841832,-143.251985525091,iodent,0.00267291313374791,9.299536651830215e-4,0.00819920809348738,-6.088230647546423e-4,0.004353112961357073
A,108.343433149162,126.647924238096,163.89207305647,224.808989614334,-130.054570763094,non_stiff_stalk,0.005227706230427357,0.0024889714813929576,0.0056297157474685085,2.716798443525299e-4,0.006366720594294107
A208,119.585424504106,133.600775939609,115.613131687891,147.748828321862,-64.9323976594416,non_stiff_stalk,0.014356434005824184,0.004501310693585565,0.01159299964927977,2.7564555582951407e-4,0.014071956604674828
A239,124.750074929225,108.069958822327,153.997918821916,229.612077453702,-88.0824617115343,non_stiff_stalk,-0.0010604632710601762,-0.0034368691215229136,-0.001512213246680683,2.164256896265509e-6,0.004248803777712295
A258,112.571491788497,86.4057350483063,143.032421360892,211.885869063097,-126.508647765425,non_stiff_stalk,-0.0014463405304835858,-5.058037418559118e-4,-0.014949179462837421,4.2544142030962725e-4,-0.010179855250651532
A272,NA,NA,NA,NA,NA,tropical,NA,NA,NA,NA,NA
A305,124.077962445901,128.551392077394,91.0663871361728,128.284406024305,-91.537755487019,unknown,0.004481305254670805,0.010853551469685791,0.00853868022335732,4.2177213406595056e-4,NA
A321,125.405118937419,106.129182205383,139.759304876597,260.69824075695,-92.1524444552617,non_stiff_stalk,0.001946275287036229,0.005955077623154203,0.00604336414488812,1.3775121921155633e-4,0.010022770599768478
A322,135.892531625177,73.9817609782452,86.4116999216366,141.161711615739,-81.3741400655574,unknown,-0.002497829471351357,-0.0025727865995591646,-9.191751463431914e-4,1.1808670016397486e-4,-0.00992005240729882
A334,120.625352094971,94.7832794778247,103.67123396185,117.727941703084,-82.4805111671333,unknown,-6.595884879872787e-4,-0.001363102887338058,0.0019248997267829115,-2.842031520274362e-4,NA
A340,141.970483684324,151.840188159878,97.5453091624034,171.143828351283,-82.0479720115421,mixed,6.295022334979756e-4,0.0028911051471989424,-0.012434423111771774,9.919257680503799e-5,-0.023508532907148435
A374,112.213931444281,116.812272316559,151.145928975161,218.749034499854,-123.091148665485,non_stiff_stalk,-0.002979415908371078,-0.001187578133516426,-0.00148422932764295,9.773434351678919e-5,-0.01790760950463719
A385,126.833697758794,132.8121700015,111.612516092156,193.155000751039,-101.637733608378,non_stiff_stalk,-0.0011099609483718406,-3.228319891227257e-4,-1.6344499428609267e-4,-5.29116219172185e-4,0.005890205811576104
A401,117.268481788854,113.431488800055,128.807311156249,165.290777218445,-101.984644300579,non_stiff_stalk,NA,0.00738024652334183,0.0028576292339237332,4.790207172981711e-4,-0.008577130632144114
A427,115.901720952425,22.5275454282287,35.6484290316582,127.512947652538,-152.059110551122,unknown,0.014321594436578322,0.007241104720085709,0.0012151744834324283,-2.848530975352901e-4,0.01721349654463269
A548,111.961264365509,127.59697477707,160.238539171885,201.512324788325,-66.8865594668513,non_stiff_stalk,-5.163241320661404e-4,0.00648137520272263,0.0037999280042686798,4.096588039427319e-4,-0.0036952492488545917
A556,NA,NA,NA,NA,NA,non_stiff_stalk,NA,NA,NA,NA,NA
A572,151.740977087371,100.914389607733,96.5757283806708,142.314948192729,-90.4982060929494,unknown,NA,0.0014403416905682176,0.014391010319406929,-3.0302322318812193e-4,0.001995628224086827
A619,269.868938984433,247.879554803932,-41.8803126210094,150.821721000844,671.92504751865,non_stiff_stalk,0.0034569438151437477,0.006588780510585133,-0.003563126308366225,8.175214830442199e-5,0.008779781223386678
A627,122.107053515342,84.7155240662531,106.667964897471,169.331248330957,-42.9382673582056,non_stiff_stalk,-0.00794834600098934,0.0013681791344871655,-0.0076032558741051795,-1.4151271616535724e-4,-0.01348803547389241
A632,-459.464523179096,-45.4091145123306,631.243507337949,-497.49122639408,1.45257999551926,stiff_stalk,-0.007714702957398627,0.0015209488606960741,-0.010328757488676461,-3.636645814333064e-4,-0.0023219451615091795
A634,-429.551939328339,-24.0163392043983,520.975093205356,-426.676397538205,1.20934714523422,stiff_stalk,-0.0031120914644441103,-0.0014582129192417977,-0.003349004382454736,-4.1722265560132493e-4,3.5830658459053507e-4
A635,-459.447432151067,-34.4373557594717,523.408751344589,-416.891673842646,-25.5626885845253,stiff_stalk,0.011218497895128677,0.00440060459967994,-0.006405175759776581,5.797141548026822e-4,-0.0038306608758425574
A641,-208.457899989116,-11.4621981258546,394.223855729897,-230.281138042427,-46.3931128769205,stiff_stalk,-1.0831171457837702e-4,-0.0011253901873356394,0.005273648497217008,1.7786133719140445e-5,0.011579793612059307
A648,137.701990115786,149.189749853625,83.8441218720211,205.697141039863,28.1641120315829,non_stiff_stalk,-0.0132643704261173,-0.0056052962671668495,-0.005816291395257335,-5.333308010267603e-4,-0.016478287382308412
A649,139.437923968675,122.550862400879,135.797830112136,214.379238635854,-83.6428174411764,non_stiff_stalk,0.0065213646513526055,0.0035074591025120875,-0.002001190173974727,3.432504644314604e-4,0.004348074009815364
A659,114.20541416684,128.258749614876,152.826987610248,175.960054358043,-8.51635750118533,non_stiff_stalk,-0.00213310552436047,6.030142233706906e-4,0.0018306101952390793,2.5625543865906685e-4,0.009447929863045218
A663,130.25306174131,32.3890011904331,48.7417501117218,132.365126647081,-160.680704263228,unknown,0.002494368523286458,0.001994139477449153,0.006600503357760009,-3.9037206381739304e-4,0.015150082317032267
A672,-378.447524316788,-18.1528101548962,558.620149234238,-425.675178399524,4.79794725523318,stiff_stalk,0.0032853666867629643,0.008139594739643872,-0.009258491109820547,-5.375907968986603e-4,0.014631628448240007
A674,49.8163767735691,103.913146535052,153.896064762443,62.7153978483077,-69.3375773129328,unknown,0.0037358004095589532,-0.0030114689501213212,-0.01000752942708381,-3.554495725498226e-4,-0.010974647644836103
A679,-611.458785340647,-28.4062218550932,-367.774122547749,202.00140114975,-115.379136393561,stiff_stalk,-3.8065815182593315e-4,-0.0015044735053734498,-0.001442019473657375,-4.283132250757117e-4,-0.0013438075484386949
A680,-730.379676143823,-47.7084631486737,-425.418873729727,193.147234437447,-117.436998955291,stiff_stalk,0.003024626602643791,-1.9776258462092755e-4,-0.0016682253488538449,1.0407069554885493e-4,-6.585896575594802e-4
A682,297.523283740792,331.725667674236,-309.815533807269,-460.730399706682,-199.643158137513,non_stiff_stalk,-9.195818346322115e-4,-0.0013490198014059437,0.0027010336589445108,5.750967122699519e-5,0.02509577432792535
A71,104.850884056794,86.4082222706905,107.444120800522,189.922995235706,-125.375767159369,unknown,-0.003980578031093498,0.008685462869927912,-7.936787284534954e-4,3.174440296424172e-5,0.020443738576058232
A73,125.866363321516,131.747686691729,160.756671620262,249.622343033017,-107.033992533177,non_stiff_stalk,-0.005798745926489418,0.0012736353332644917,-0.0021212706561113685,2.207679097296685e-4,-0.009620806361402145
A797NW,153.110288311433,156.791219766756,126.095647801862,224.83246976811,-69.4702894369735,unknown,0.0012898840083264448,-2.3883966170794492e-4,-0.008823192007836099,9.439633286085633e-5,0.0026617842489409585
AQA3,-289.450442059183,-18.8320950228866,457.859327370204,-315.067815745634,18.5005594346711,stiff_stalk,-0.0045842732167174554,0.004359709770754593,-0.00593966767583653,-8.869169397257563e-5,-0.016591348832752317
AS6103,-460.836171650219,-31.3403806050915,539.407844121856,-415.88040059331,16.9787879851517,stiff_stalk,-0.001266018693950548,-0.0034444254988089443,5.422777373163076e-4,1.1906703855075438e-4,0.003405069396797412
AUSTRCF306238,239.119168336016,254.604799767414,-174.101771140831,-230.932642263081,-210.127689165541,non_stiff_stalk,NA,NA,NA,NA,NA
B-18 INBR.FR.SUPERGOLD,NA,NA,NA,NA,NA,popcorn,NA,NA,NA,NA,NA
B103,NA,NA,NA,NA,NA,non_stiff_stalk,NA,NA,NA,NA,NA
B104,-358.575320719939,-3.98332868899284,5.37169214351722,50.5461158279411,-90.6125628671069,stiff_stalk,0.0025498965304193055,-5.112719169966878e-4,9.309572109186619e-4,-1.5659029618985494e-5,-0.0048667920610379195
B105,-133.271638507543,12.5662282152836,31.0989543361852,118.232392069724,-92.165663174475,stiff_stalk,0.0040270576292755775,0.006769848339134691,0.004577614589815535,1.9884352258671523e-4,0.007556730477629395
B107,229.592335369404,-581.80379897682,-113.613947938299,-82.4657221459204,69.3201861188893,mixed,0.004370022526461048,8.419403571676789e-4,0.00481413932443633,-2.524025179081001e-4,0.023533935557099848
B108,102.164274882041,122.937660120411,94.6491568151844,69.600791193591,-70.5125943116945,unknown,-0.002151103319243628,-0.0032872019156065897,-0.005453175091877221,-1.6673634496830133e-4,4.294895366508582e-4
B109,-658.902201613125,-39.9865271608242,-305.666004504037,126.854849098406,-96.1393844216953,stiff_stalk,-0.001123616457818923,-0.005589476338226373,-0.008431321396246352,-3.002529346292598e-4,-0.013970612291581079
B110,-307.54048553646,-3.67318809393127,-64.2261654982996,77.259758128417,-123.046391355737,stiff_stalk,0.00878889296026525,0.003600316089589036,0.0047650907360637625,3.9967365514807866e-4,0.010437719121052135
B111,-134.775988527139,13.8632358399063,58.6331397938562,83.4719773922841,-70.3346427605695,stiff_stalk,1.499068294834248e-4,0.001075821570719543,-9.563523612168738e-4,7.156816153106236e-5,-0.001816056255115367
B114,NA,NA,NA,NA,NA,mixed,NA,NA,NA,NA,NA
B115,149.069787649767,122.336668442289,81.238477848367907,115.530306484901,-80.6798060126947,unknown,-0.00304286312879385,0.003447916407194079,4.59809186703605e-4,4.6387585567479686e-5,-0.0021201083820202985
B119,-288.995989011714,-5.84190436332477,-8.47531306042674,76.3088161212597,-105.983196744214,stiff_stalk,0.007522811931301854,0.0015264232375558212,-0.007604571797789584,5.723828111807869e-5,0.01023019657689942
B120,155.392995396791,61.5559722984672,75.6544822429837,167.30157485831,-102.227264818538,non_stiff_stalk,-0.0038869519070568125,-0.004898222927079255,-0.005040004673326804,-1.8912376819301224e-5,-0.013090548653429573
B121,144.782444862242,82.1232617983192,103.800237575711,186.256363743227,-104.122168280823,stiff_stalk,NA,-0.0036885400161889956,-0.009960976297524193,-3.7377118366228954e-4,0.0028124494809588217
B14,-588.870833502455,-63.6152293993162,582.093324156147,-503.759734699199,14.151432251613,stiff_stalk,0.0020813985749034663,-4.503463872820303e-4,0.009609606172087585,2.9664411294174877e-4,0.0040941026389520125
B14A,NA,NA,NA,NA,NA,stiff_stalk,NA,NA,NA,NA,NA
B164,55.8058757119274,74.854399087574,123.279231177511,136.748952989746,-83.6639901044102,unknown,-0.009434535321701607,-0.0017761726842536987,-0.009906298673808692,2.4243644796542987e-4,-0.006132863168358808
B2,75.3205559919142,78.1544584737527,123.672917569578,138.758233017983,-96.2135514076802,non_stiff_stalk,0.004293077425822148,0.0033547045393146156,0.012598806147587646,2.0615622219660775e-4,0.008481981716164091
B28,155.057366446564,113.351980539035,98.0791139712791,185.360125715049,-151.606511389207,popcorn,NA,-0.007626096124402774,-0.011725197263880055,-4.6166716111286004e-5,-0.016699638859756994
B37,-242.112077734194,10.1972406126822,-52.1697257968445,84.7456671455274,395.829354556236,stiff_stalk,-2.0177135252518526e-4,-0.004391600369550337,0.009349555426877371,1.218013737749567e-4,-0.006767335694519889
B46,36.952374778504,67.1132756953881,179.59136675587,124.311569962022,-43.5322629288626,unknown,-5.423694200076484e-4,-0.002605069814829077,-5.223321328959356e-4,1.1949646281112425e-4,-0.010822934147294211
B47,NA,NA,NA,NA,NA,stiff_stalk,NA,NA,NA,NA,NA
B57,128.750389944968,98.4738155372807,100.879080410604,129.268393924931,-106.426964380609,unknown,0.010359514130476515,0.0012438523272574374,0.009471433007844492,-1.245700706097113e-4,NA
B65,162.414154085456,108.880082311088,95.0699733350655,141.569147120668,43.6539043995765,non_stiff_stalk,-0.0031238128664981043,-9.377644224618002e-4,-0.004745881034795246,2.135657916393317e-5,NA
B66,233.24425812106,171.801103492315,3.09480211316863,139.416815126158,394.609279574952,non_stiff_stalk,0.0030504006257585222,0.0010200959786517065,0.007203446463210834,1.0071785300887015e-4,0.0087726235655317
B68,-474.006124815592,-35.9331624947511,565.477383370268,-458.605860469719,25.2172992181218,stiff_stalk,0.004562328138481896,0.0045639292301395155,0.011089621777551097,NA,-0.0026225044478668277
B70,311.243625618997,313.157859400932,-231.748854096308,-282.792912827521,-35.110215149426,non_stiff_stalk,4.660082891085683e-4,0.0015066910790131438,0.013747314849620816,2.0518728606141145e-5,-0.005826868887331147
B73,NA,NA,NA,NA,NA,stiff_stalk,NA,NA,NA,NA,NA
B75,122.163211740032,143.350099795572,57.875302516864,111.50730090074,35.0894152519185,unknown,-0.004049748233404224,-0.004927646498799788,0.002218041245569983,2.378490106345524e-4,-0.0030785592911750214
B76,143.708237805623,161.874503290476,60.8532961082414,136.449093465597,146.091906905751,stiff_stalk,-0.0022924007105005945,1.4428396185918693e-4,-9.002772811986726e-4,1.5800840986530696e-4,-0.01370953759871297
B77,124.213625673661,137.425576890052,71.4892922102806,97.5403167347548,-78.379579884508,unknown,0.004566995018550284,0.003282940377203529,-0.006405971144500273,-1.6879359960772664e-5,-0.00818607689901893
B79,11.6450948090016,85.8631210241636,196.080907256659,19.4975054662523,118.803241945953,unknown,-0.0045416879756029725,0.0019949960295714262,-0.007978783806909473,-5.1250596911589925e-5,-0.004691092368597276
B84,-381.953846980801,-2.73000343185358,-11.2426051495191,71.2800874492327,-55.2141693454417,stiff_stalk,-6.425360970066275e-4,-0.0017350047078203916,7.508641968152285e-4,6.666158708723418e-5,0.0013865443899065916
B85,155.174901668248,142.435491184349,19.9006306909581,105.978333481533,40.7162301010029,unknown,-0.005335809514720034,-0.004132574502243397,-0.0020326090082493707,8.91122520694298e-6,-0.020574496269307106
B87,142.320216506199,158.862396896167,47.1707810406079,50.5982717717223,2.71255164400515,unknown,-0.0019382731798540916,0.003557481277279003,-0.0010212292163068186,-4.796458662567563e-4,0.009375971397425992
B88,7.85984445607397,55.7982589353551,89.9379433060649,136.036290917951,-94.1577403144295,unknown,0.0053006434256812895,-0.0015014983117467111,-0.0040742442244863526,NA,0.013393572680704707
B91,NA,NA,NA,NA,NA,non_stiff_stalk,NA,NA,NA,NA,NA
B97,142.48632156424,81.8300581480885,114.335329570597,189.769479910595,-115.969678589804,non_stiff_stalk,-4.767236189412756e-4,-0.0019537040747593633,-3.1895478098215176e-4,-3.0617886162546136e-5,-0.0037071303694502255
B98,130.889037238484,89.1760479407365,80.7761355721074,134.042210588091,-70.3300186555104,unknown,-0.003941043447561472,-0.0026331030815789167,0.006268457378346943,-1.8164417609847434e-5,-0.0033173267933309892
BEI10=NORTH10,NA,NA,NA,NA,NA,unknown,NA,NA,NA,NA,NA
BO9,NA,NA,NA,NA,NA,unknown,NA,NA,NA,NA,NA
C103,341.031221114559,364.347210226137,-285.800742331295,-390.130023456541,-125.754830197438,non_stiff_stalk,-0.0012693491969665383,-0.003171857088324162,0.010911567288245006,NA,-1.2374744095466984e-4
C123,259.210892403422,272.955929375214,-115.320870487921,-159.743935414217,-116.1449327395,non_stiff_stalk,0.005508762645722563,-9.438558595004353e-4,0.008872084996816233,2.324850458048199e-4,0.027360275443206666
CA4,134.95925148343,159.753277064335,95.1088681705191,158.815143109812,-140.145420354057,sweet_corn,-0.0014058792882981088,0.001829066448242945,NA,3.3188952892518743e-4,NA
CG102,NA,NA,NA,NA,NA,unknown,NA,NA,NA,NA,NA
CH157,100.797995033918,99.3018011128628,108.198689882048,132.70886980165,-71.7493099662645,mixed,-0.0027260947214705162,0.009079425737270505,0.010444015906577278,6.430939226407788e-4,-0.0051057719969235076
CH70130,124.164567220481,98.954731203566,111.13681625728,152.002007229447,-93.6366146717634,unknown,0.0018257498567723959,-0.0035205623101781515,0.006167152656121431,1.5576820237654692e-4,-0.0032434876835513255
CH71110,254.623012688058,239.709003732376,-125.645302366553,-168.44728403955,-77.4152952374081,unknown,-0.003010604281592298,-0.002920723113695039,0.003486455754807984,-5.559543376375679e-5,-0.0033217485679637535
CH7534,-418.73233087939,-34.241547204278,489.620495161798,-382.953346746764,-12.6600568353036,stiff_stalk,5.233560922348032e-4,-0.0011894198169338291,-1.5878024506675028e-4,1.223646357732786e-4,0.031046206116635902
CH9,NA,NA,NA,NA,NA,unknown,NA,NA,NA,NA,NA
CI40H,103.429314077555,67.3985136709149,109.310277427748,158.261001004507,-107.312468757485,unknown,NA,NA,NA,NA,NA
CM105,-333.076689617513,-11.8284372193424,474.431815899238,-329.494045100732,-0.595196462532783,stiff_stalk,-0.008165323153652993,-0.004713001051167362,-0.006068044978184584,-3.9684499250307103e-4,-0.016858778735805047
CO257,-164.917427359218,23.6646498753223,71.5104952496222,21.924980018819902,-61.1688493121029,stiff_stalk,0.004817615782543736,-0.0014005979974846127,0.00861081763866332,-7.896282371008291e-5,0.014414342599085259
CO258,-163.429717932854,2.92968636974117,47.1261107152999,67.6931359098596,-90.3291514512729,stiff_stalk,-0.005582389619479824,-0.0034056982203401866,-0.002972339046485749,-1.1273782713559449e-4,-0.01090669640129748
CQ702RC,312.80308311121,-218.986860057725,-111.693895696456,-40.0457196783289,380.776067244802,non_stiff_stalk,0.013606747841915246,0.005904788115870201,0.017014669135827557,2.8551080115675817e-4,0.02095055433249783
CR14,-566.174651876248,-12.505621453727,8.71664601512894,-51.2297382530003,-102.542880702236,stiff_stalk,-0.0023119272727869723,-0.0031704569480550614,0.002943246352099425,1.04956747468299e-4,NA
CR1HT,NA,NA,NA,NA,NA,non_stiff_stalk,NA,NA,NA,NA,NA
CR22,135.060647047787,99.1360175290588,120.120435113813,154.950842074562,-94.7969153920139,unknown,NA,NA,NA,NA,NA
CS405,-432.894534495012,-19.0794849110173,-199.410284268614,123.878590809244,73.0424921411672,mixed,-0.004597401385441871,9.14880270671061e-4,0.0023031398508175475,1.0008623318018015e-4,-0.005239723001824518
DE2,289.651472875669,-391.939361765014,-67.3306123682994,29.9276447863625,57.3830299422599,iodent,0.005309554393025457,0.002118351379926353,0.003118471697968363,-3.569852864728236e-4,0.0026981406331896816
DE3,192.511500825265,188.176741826652,-76.1269428222234,-87.4796517223557,255.455612226418,non_stiff_stalk,8.494434658802433e-4,0.0015397211104098388,0.007145035516026429,1.576993825515677e-5,0.015517890666734192
DE4,142.964171880522,147.431996528814,-59.8595624559729,-87.0030952162483,175.197170048226,mixed,0.005726291533754684,0.005460994275709932,-0.0019843480443489537,1.5319436880500666e-4,0.0029131012502836306
DE811,-217.665958884663,61.233130462602,242.267475321868,-326.352492982256,42.7936318719418,stiff_stalk,0.007990959812549898,0.00694032074442664,-0.010070600748296528,3.6498292865526285e-4,0.0016295228790219186
DJ7,-794.697279119078,-53.8809562461756,-451.819282617348,188.405313453933,-130.07024132623,stiff_stalk,-0.005226802476242461,-0.0043094949051840905,-0.009299799563034332,-9.53306647804669e-5,0.0016087774853993909
DK3IIH6,NA,NA,NA,NA,NA,iodent,NA,NA,NA,NA,NA
DK4676A,-208.577075638979,28.6904757540091,195.288275857543,-103.719951753997,136.136251671881,unknown,NA,-0.004337095271843314,-0.011619818009636945,-5.026466976673273e-4,0.007597201702039361
DK78002A,-650.921523769395,-42.1051911840792,-24.7641649956977,-80.8859327435452,-82.8478193178209,stiff_stalk,-0.0049850324729743085,-0.0031475775937647213,-0.0035148580544639143,-3.9796138317549167e-4,-0.0014931840280698885
DK78010,-662.753377371706,-52.8290721274736,55.4184296021091,-147.911732780228,-53.7873616608045,stiff_stalk,-0.004257027942286669,-7.418328965352241e-4,-0.0033617889872628627,1.2139778044262813e-4,-0.008494276134075373
DK78371A,304.686446096753,297.903107390954,-168.993726762208,-79.6130571371358,422.566294610998,non_stiff_stalk,-0.0052422442929140264,4.6537685625638045e-4,-0.017243335851819395,2.5817760604313548e-5,0.0018054320552789071
DKFAPW,NA,NA,NA,NA,NA,stiff_stalk,NA,NA,NA,NA,NA
DKFBHJ,-287.356588782554,-11.261695396777,307.15172448819,-195.948266343693,14.2565869956269,stiff_stalk,-0.001483700379232486,1.1563972104726922e-4,5.746722542209859e-5,2.452165979720781e-5,NA
DKIB014,367.692281917269,-613.73416098553,-101.279041792368,4.3386985872022,54.3855856265993,iodent,0.0033979988345937294,0.004111171911123079,0.020338437239546512,5.210547167589683e-5,0.002507487335584936
DKMBNA,339.282566475238,326.261139853027,-385.659522329251,-454.157884229795,-172.9663381911,non_stiff_stalk,0.0018786273318168246,-0.0012007860198731653,0.0049156554532727,3.792013516713994e-4,0.007744910201864791
DKPB80,-713.470248514222,-46.170735099259,-324.128929841859,130.828453034269,-125.726003052867,stiff_stalk,5.520692957919599e-4,-8.369440790652784e-4,-5.498024935304415e-4,1.17937594670263e-4,-0.01011723998872962
E8501,240.775875808142,281.44664094901,-137.054512534959,-215.089339349076,-157.676598470225,non_stiff_stalk,-0.00523795211523305,2.2553826630001937e-4,0.001252608615980457,5.259857217401008e-5,-0.008712848574394968
EAST028,148.445196125153,121.191396347652,137.384928004461,161.361260768291,-97.2443684683893,mixed,NA,NA,NA,NA,NA
ENGLICHIH,137.558898702587,106.766311223153,90.7977053666949,135.821759530794,-116.262978073388,unknown,NA,NA,NA,NA,NA
F118,-364.32984356363,23.3775489744763,-163.843452930214,156.095309663487,-127.580543186842,stiff_stalk,-0.009401096056018044,-0.003376978186928801,4.732091171444251e-4,-7.596038309810991e-5,-0.012156168071068254
F2834T,131.331075393444,116.169217457666,105.304114182319,141.128443239454,-106.141060863569,tropical,-0.001295819122826809,-0.0052599733180551675,0.008328284105899437,4.5186732156126536e-5,-0.011844572877344365
FBLA,-310.980525660741,-20.6172591406227,373.656139927473,-276.600300075318,2.20057334210179,stiff_stalk,3.644779027948891e-4,0.0015878217415431256,-0.006534984081526231,1.0350517309692557e-4,0.014189343491798574
FC46,139.382486373362,145.742972061335,100.035128619044,164.479403474429,-109.439365174118,flint,NA,NA,0.008209929751851726,-9.634731470204057e-5,NA
FR19,-144.283085157509,16.637563121745,358.852013234446,-160.785645143752,-40.8615851009367,mixed,0.0017788270177473554,0.0024336577488681945,0.005703010498077068,5.011656729876713e-4,-0.005120235287724908
G80,NA,NA,NA,NA,NA,unknown,NA,NA,NA,NA,NA
H105W,-295.370317656817,-4.62039599508218,507.099720221635,-354.413112900207,-28.1983123312094,stiff_stalk,-0.0014543571119917883,0.0013184517797924851,3.456908957360168e-5,1.2346169370432988e-4,0.00299322625630621
H110,-69.4686066539405,76.6791281730814,257.284073294905,-57.8875074466774,-72.179373070211,unknown,0.0012417313866308942,-0.003051839820815354,0.009502599244391105,2.415687980112019e-5,-5.639839185945126e-4
H113,64.0833362882112,102.86213327013,130.084976698613,145.844053475133,-144.214811126312,mixed,-0.0038932885888893647,-0.004178752918930981,-0.0028460906089346405,-5.5036404004008666e-5,-0.003302133865506693
H114,-147.960299927552,46.7264394004721,57.778531750523,53.0738008853158,251.48414389935,stiff_stalk,0.0032212773018054663,3.091156361015327e-4,0.009414116593972194,2.0405564812886365e-4,0.010307978890533412
H121,160.402920863528,115.029169144231,84.2029075365459,137.277892958295,-17.2676596910485,unknown,-0.0032667587534727905,-0.0016314033095299791,0.009071676117575745,-3.213666737830138e-4,-0.012868511256010844
H122W,-317.388300973715,55.5035612871335,-223.524267768967,165.780385768799,78.7628074294595,stiff_stalk,-2.310077620904817e-4,0.0020973141141535944,-1.0383610092237981e-4,NA,0.004629109779258169
H42,NA,NA,NA,NA,NA,unknown,NA,NA,NA,NA,NA
H5,129.136508569154,102.62470896683,145.251130164256,256.495066858368,-81.7091632206991,non_stiff_stalk,-0.0018079221804438706,-0.005790966256733242,0.0034839272890478377,4.8758470737571756e-5,-0.010317336448968662
H71,155.10182383698,139.065448677171,158.587902168015,228.708546362555,-76.4598671939067,non_stiff_stalk,0.0034566184893354015,0.0015837103176006382,-0.0028284063758958382,1.4375350892353988e-4,0.001236269024149909
H84,-141.999115059811,46.8716724256204,-24.1169576628141,63.8624687705196,287.421441160759,stiff_stalk,-0.004995769009099552,-0.003419934925156943,-0.002919552169216551,4.783815713373471e-5,-0.008376854677679919
H91,-531.328181317475,-47.676231998927,573.349799838105,-490.737129069077,18.6144169731462,stiff_stalk,1.2960743192341883e-4,0.00623149236678253,0.0049540324882614796,1.241656716094958e-4,-0.012284711946627782
H95,193.926770296717,170.476320398337,17.074956635402,158.452400777464,364.038385564908,non_stiff_stalk,0.0010864995985246106,0.006174564420618014,0.013036383659970124,6.090396816308133e-4,0.002137009397087436
H96,41.3134679220673,34.0512068853898,82.1197253948528,149.331196109721,-119.646044444107,unknown,-0.006213883835616369,-0.004712399283531201,0.00785815761013629,-5.611585508304998e-5,-0.006713443108258204
H99,188.305866378865,150.524710305749,8.0827359395653,119.239301662322,95.3509475766775,unknown,-0.007401209820493143,-0.002311500521428966,-0.01198390304038841,1.6080158527574098e-4,-0.012621821637209419
HP301,153.115009847326,133.56775280572,105.034163277934,236.07708439688,-181.018715703707,popcorn,-0.007468769647516363,-0.006821483467808396,-0.009980974167869456,-2.450670593579934e-4,NA
HUANYAO,125.664088784439,129.39066287744,95.3865655631689,159.861319974192,-168.754790938288,tropical,0.001972423276557845,0.0056412410120259,0.003967978022533283,3.190932146273567e-4,-4.766247072518715e-4
HUOBAI,117.85318958533,115.99966800734,102.398509971514,159.69428735674,-123.70157268519,tropical,-4.201055638598896e-4,0.0021874831626510047,0.008336949300191852,5.5017100195833704e-5,0.021687856552115106
HY,31.5194821343079,8.16910332708495,76.8382992406004,143.992681003642,-137.124166679219,non_stiff_stalk,-0.006281175448921661,0.0028121727269068216,0.007893850604901628,-1.8108682138505934e-4,NA
I29,122.975493400088,138.391819522417,104.064442420454,176.166638540934,-165.162892558199,popcorn,-0.009566936413779792,-0.00434593835546243,-0.009248499017413725,-4.321924245119045e-5,NA
IA2132,142.058297151113,126.611403840548,70.5791465859979,144.605495533965,-119.16864007468,sweet_corn,NA,0.009993201265867238,0.011582249207118322,-8.529237231353272e-4,-0.009846858074962078
IA453,154.958983688335,159.133609221636,95.954010615456,147.168407562952,-104.743368963769,sweet_corn,NA,NA,NA,NA,NA
IBB14,91.6938842406027,-514.129133851777,-53.7731666683533,-86.7121405989592,109.589218906938,iodent,0.004541410453537761,0.0019079183601100407,-0.0012386382395687138,5.862827336389282e-5,0.020667232948303502
IBB15,391.819678548685,-978.78745420083,-114.960692660392,-31.1617072348767,-77.4538646396554,iodent,0.01108294283740451,0.006979558313306309,0.010907864141993955,5.93667385393177e-4,0.026141694392017082
IBC2,398.190246399376,-781.202758534599,-177.262721362946,-116.001661920185,-124.71565382857,non_stiff_stalk,0.001555999403114463,NA,-0.0018395019301538141,3.856516247673839e-4,-2.3656430728440482e-4
ICI193,-161.825493691694,-254.485949113447,289.384089178554,-239.527056986097,49.5637348146616,mixed,NA,NA,NA,NA,NA
ICI441,-619.017708078848,-67.5806311898519,-451.98590425857,170.512171790066,22.1895611542352,stiff_stalk,NA,NA,NA,NA,NA
ICI581,299.01537642061,227.436731252075,-188.150054920702,-76.2695832746252,444.987857888355,non_stiff_stalk,0.004107359768298787,0.001904921271351277,0.0028219723023949197,2.2358009254612156e-4,-2.1954990259936247e-4
ICI740,-631.598974298566,-65.6300658054204,-446.328899621077,169.049064994092,22.2552342677315,stiff_stalk,NA,NA,NA,NA,NA
ICI893,-480.985993061236,-50.9609933013463,-346.295046170574,159.773286558691,112.966861838214,stiff_stalk,NA,NA,NA,NA,NA
ICI986,104.26882715829301,-539.281024508775,43.2534277747122,-113.551758256847,14.4999585716798,iodent,NA,NA,NA,NA,NA
IDS28,163.656325153819,107.007322474155,100.597455860417,197.005987936682,-164.35583943897,popcorn,-0.009562661522653317,-0.007878524916627404,-0.004324254599993085,NA,-0.011921925041959032
IDS69,156.367921287815,125.201792734389,103.691191637859,236.960775925461,-172.312521784157,popcorn,-0.005046930425699313,-0.006701024039071213,-0.015571845589534639,NA,-0.01567578118507823
IDS91,158.178773159608,127.512232401186,100.109948235721,243.17777401254,-172.28519698351,popcorn,-0.011040924488550227,-0.007137129565814833,-0.0054886034062288395,-1.4023147474277655e-5,-0.004103068748702894
IL778D,161.365535519047,166.096813717989,83.1226145991371,116.974420867355,-120.755380742576,sweet_corn,NA,-0.012765880273514472,-0.0166468504411827,-3.144216269753537e-4,NA
INB101LFY/LFY(A632XM16S5),NA,NA,NA,NA,NA,stiff_stalk,NA,NA,NA,NA,NA
INBRED109,126.225604338268,104.55146198043,105.724757373399,131.796466289108,-100.681283720999,tropical,NA,NA,NA,NA,NA
INBRED141,98.2035346862447,83.4669587802056,106.890193584536,146.911054852891,-78.7354021070364,unknown,NA,NA,NA,NA,NA
INBRED2687,NA,NA,NA,NA,NA,tropical,NA,NA,NA,NA,NA
INBRED305,125.163526337645,153.928668439541,107.659601939108,160.304574444337,-149.141741724688,unknown,NA,NA,NA,NA,NA
INBRED309,128.893016402426,140.656218152441,110.06858316601,163.66496907586,-133.885865190796,unknown,NA,NA,NA,NA,NA
INBRED321,NA,NA,NA,NA,NA,tropical,NA,NA,NA,NA,NA
J47,136.223633618114,125.116239639532,95.8337333332437,120.666438360455,-58.6040275383393,unknown,-0.0026470655681207667,-0.006404795840020466,0.005509753424407054,-8.717891157423862e-5,0.013791237311856271
J8606,362.25057267076,-260.415401922489,-192.737585583644,-229.338041388038,-59.3126355112207,mixed,0.0015210314980928315,5.535590406243917e-4,-0.01198185221131498,-1.1139843016633465e-4,6.624457208170247e-4
K150,108.269258078062,98.3534070797372,96.9187188335316,141.149106533636,-74.3155424921041,unknown,-0.003393917727818838,-0.0014209976377751149,-0.0054616063722549525,1.1418716320638902e-4,0.0013315482239332306
K41,128.924460590114,94.6812465357621,88.7299397579529,152.824057199242,-98.3826430261962,unknown,8.761152494231591e-4,-0.001848685978617232,0.004606181382451692,1.3055186173971926e-5,0.012094265617550386
K47,158.713088157135,117.849535422527,105.440812571173,177.924447659925,-149.693190141218,popcorn,-0.005338843504044802,-0.005158213779324811,-7.476311346688168e-4,-4.526953867856199e-5,-0.011013581315210352
K55,131.443325082724,120.627069283114,93.8495040810192,169.962041029129,-82.9280653619878,unknown,0.001633726539576867,0.002698910426486068,0.012116397868528429,2.8659265531806836e-6,3.639798399453877e-4
KUNG70,134.409589213351,110.392361485695,84.4732950898357,168.831912949711,0.606837725867401,unknown,-0.007215588766848194,-3.429676739744879e-4,-0.004359795781861317,-6.401872088530404e-4,-0.016922620942042534
L127,351.769490522379,-775.52400892578,-64.5287456301141,-2.44868194515865,-86.8714387972725,iodent,NA,NA,NA,NA,NA
L135,395.640484948855,-938.21236979292,-107.774292653428,-26.1159787851384,-60.6614014136063,iodent,NA,NA,NA,NA,NA
L139,353.837115899157,-336.14055533025,-105.505999564424,40.8205566716569,354.903270624298,non_stiff_stalk,NA,NA,NA,NA,NA
L155,218.20438093688,-773.154863368644,50.593800626828,-130.203312485118,-77.0554663104987,iodent,NA,NA,NA,NA,NA
L289,156.248566166214,156.789785265833,51.3044119083201,101.726401060314,-43.7944554348793,unknown,NA,NA,NA,NA,NA
LH1,-78.3014649897593,-200.055654318715,-97.4970938299339,56.8064346483314,287.407192284892,stiff_stalk,0.004775767294756611,-0.004248579395735434,0.0031242177594870122,2.5739124995655783e-4,-0.013512970815435111
LH119,NA,NA,NA,NA,NA,stiff_stalk,NA,NA,NA,NA,NA
LH127,257.582205474477,277.032052875962,-245.480565968202,-351.176830646194,221.460227976468,non_stiff_stalk,-0.0011433040009440675,-0.002105234493655392,-0.012975189240857584,1.7888798899716257e-5,0.0019439019584865335
LH128,64.2304954346527,96.4011488694727,-231.020466452474,-184.584276941469,34.9309112801298,non_stiff_stalk,-0.003367476282186977,0.002984071313150989,7.495341376097427e-4,2.8996662153914532e-5,-6.213216839782078e-4
LH132,-769.596369684384,-56.252650629401,-434.057145850641,167.893990399941,51.0944839919556,stiff_stalk,-0.008102200334373554,-0.003551585784380244,-0.004241134981135265,2.3136682109380494e-5,0.0018377507017450128
LH143,-450.331318766238,-29.991094524111,594.506798507065,-479.280217296791,-11.8412512490966,stiff_stalk,NA,NA,NA,NA,NA
LH145,-357.221867780373,-19.4876573260596,552.642194412305,-390.742805415896,-2.50586526985881,stiff_stalk,-0.007527914941772223,-5.461116162411e-4,-0.005845035580789226,1.7930309458001533e-4,-0.007048601275881188
LH146HT,-530.114524981746,-33.453176380558,207.86317364156,-213.696785867396,-68.4897585847023,stiff_stalk,-0.003162780173692627,-0.0033460342918334995,0.0021933306362233057,8.722549089978952e-5,-0.011253554013402875
LH149,-607.542806558309,-8.45177621997429,-332.57755512719,178.900128206337,-106.783503066319,stiff_stalk,0.006520904098874923,0.0019193021085248726,-0.005440685010442945,-4.523761847423726e-4,-0.0010686878191671725
LH165,310.404902310485,1.219051206552,-231.59179487492,-258.309390708339,-156.949094497392,non_stiff_stalk,0.0041260752119652465,0.005794470867635772,0.005310955876312021,3.42454553534952e-4,-5.088093115758504e-4
LH166,224.737350842364,-187.154976454875,-91.3763801592061,-46.3528546019952,163.651988240983,non_stiff_stalk,0.015353637225468304,0.005478881043142189,0.007295368853280755,2.711507645276776e-4,0.013456471453142963
LH172,226.124659880046,-20.3338296929929,-42.1100490875398,-13.3849572579303,155.126444609994,mixed,0.003091619918932121,0.004491791955658941,0.008675745154195846,-2.129755302244513e-4,0.0026922659041433423
LH181,322.768002299566,284.794031527453,-305.437937735313,-350.395869012899,199.495655858468,non_stiff_stalk,-0.002833997665479656,-0.0031085532762694648,-0.009221678605985998,-2.0664501953969342e-4,NA
LH184,242.379561473774,225.441854599017,-130.645103727399,-198.373895046469,-62.9906637174727,mixed,0.008529981492796474,0.002016070459207472,4.632671163391056e-4,1.4256004235031473e-4,0.022794296778584952
LH185,333.049977223167,275.245877651563,-292.934264047293,-349.839302329872,173.185693731119,non_stiff_stalk,8.809390066272085e-5,5.4805693633387884e-5,0.0035436974649795346,NA,NA
LH190,-686.021925102804,-38.9196122758709,-241.411632506452,64.7738934501462,-91.8529577315576,stiff_stalk,-0.006899359739675028,-0.0038893637397986167,-0.006856721777911276,-2.4441325600697017e-5,-0.007473135432907871
LH191,-425.604859876981,-23.4361949896936,-241.411927405707,11.2611319142438,158.509218936132,mixed,0.002236949090115745,0.0021385382239136165,0.013111310253367734,7.955792989584333e-5,0.008902969487714553
LH192,-589.946671801638,-19.1043428707096,-359.594467209324,190.463238685164,-39.4395063462921,stiff_stalk,-0.0030631211806187763,1.1820091836613473e-4,0.007353411981703808,3.0383809649826793e-6,-0.004478013297798083
LH193,-678.293103738113,-40.1214711721952,-371.750613968603,172.122854303832,-23.2278997710852,stiff_stalk,-2.9845094649826354e-5,-0.0033526110984086065,-0.006192588049498358,-1.678621546747659e-4,0.015875530164396412
LH194,-531.865958022109,-114.001278122251,-384.262766243048,174.5440776345,8.97356220053121,stiff_stalk,-0.003124578893147081,-0.0028731063671304136,0.004943198491740034,-2.801307572991629e-4,-1.4083039619318977e-4
LH195,-625.520950387382,-146.175439383787,-431.310651561124,155.926121863209,86.0460888623305,stiff_stalk,-0.00688035484043589,-0.004871156176593411,-0.014736858383898328,-2.430050851099687e-4,-0.0027376482730186976
LH197,-630.387900415849,-43.8443913622908,-267.989506198262,114.88464285217,14.8053367516553,stiff_stalk,-0.005104514038534725,2.5508942686221925e-4,-0.010979453756610375,-3.804278042636793e-4,-0.0102957277428773
LH198,-717.908757212996,-46.7447847172074,-296.763247828653,106.570715778097,-22.7120592837751,stiff_stalk,-0.004204563568825639,6.626584619270541e-4,0.0011695608865474785,-2.7466493240093477e-4,-0.001337578716799415
LH199,-647.127220426478,-70.647079916832,-398.444374575738,163.878009557206,49.4677891775085,stiff_stalk,-0.00524373625721126,-0.003064363101341113,-0.0027957379699568696,-4.615525415120229e-4,-0.010556372229255628
LH202,-723.927860914776,-36.7626180865467,-415.357345049587,191.711323897522,-123.615824467295,stiff_stalk,-5.820783356987171e-4,8.581722338797011e-4,-0.011729580544678734,-5.632387081301936e-4,-0.003835692728546252
LH204,-583.534577767688,-136.581264678524,-226.674892093883,46.5957352318054,-44.9084106980469,stiff_stalk,0.005104097705084275,0.004403475529742753,-0.00889044802151199,-3.2851148617157224e-5,0.009348622297626242
LH205,-740.83184431325,-62.2678028970626,-136.948513113398,-48.9864985901545,-39.462431178116,stiff_stalk,0.002012101759043967,-2.1479487619131414e-4,-0.008726612325377069,-1.5060139602167616e-4,-0.005460450634395495
LH206,-628.158094276247,-94.9693167409526,-92.2444999491791,-49.0596714446363,-12.2019053000972,stiff_stalk,0.002543656211233254,-1.22864697215308e-4,-0.01384505171002006,-4.1354101487292913e-4,-0.004856204681264944
LH208,-544.828844297027,-109.278589193096,11.6436603964695,-115.65514946287,-6.90258957538848,stiff_stalk,-0.0017151648724382058,0.0016930463063127173,-8.726215575852944e-4,9.666960727313612e-5,-0.0019817884528548816
LH209,-753.441725495716,-62.0182357951681,-217.119235450589,17.6688074838735,-36.3910909359574,stiff_stalk,-0.003001818978527301,-0.0018139495943887052,-0.005225096603097187,-3.924741069396784e-4,-0.0033089314943507537
LH211,303.567735352201,277.675721127193,-316.608157360014,-344.53819009591,134.054080446552,non_stiff_stalk,0.0054047930459215675,0.006788945590053649,0.0030498269012904,4.5023974591049504e-5,0.019234389119540667
LH213,289.915461341745,275.989129559706,-274.047133126825,-373.509173848371,239.119439234129,non_stiff_stalk,0.004522529705220501,0.0034336340971682497,0.004065240780635804,-8.07256781308281e-5,0.004549085227104618
LH214,298.623079879543,283.92349147872,-279.884023313222,-374.424684462574,240.924556244144,non_stiff_stalk,0.001596305014338648,0.001435320662854583,2.525333703566336e-4,-5.2558525433005984e-5,0.002907131699213351
LH215,306.308622800167,247.247497323651,-234.476905318132,-274.850679451784,-103.840165691067,non_stiff_stalk,0.001186371848550766,-0.0021742136473241365,-6.397144054405825e-4,-3.3045452061748555e-5,0.0385312997746131
LH216,365.663506418559,391.09874209,-473.436596799928,-611.502649476877,-166.2167035809,non_stiff_stalk,0.005018240654846254,0.007124573968971114,0.009145467200934789,6.526103458650628e-4,-0.0023370103830935613
LH222,-593.125697555452,-43.8874967545187,89.559336847618,-138.537025594668,-60.6266175605867,stiff_stalk,4.877067183500684e-4,-0.0034307179532632025,0.0035657552846298526,-4.6028902613753576e-5,0.0012922889098172347
LH223,-388.689723613868,-23.4396551559101,523.416794444178,-377.582481140657,-21.0741275135358,stiff_stalk,9.984927563367733e-4,8.091428218611522e-4,0.007440741504724739,3.593122012134148e-4,-0.010262536474196792
LH224,-475.715356567852,-48.3107333129305,407.199661925705,-319.917952054126,-36.1836118952735,stiff_stalk,-0.0011295827837558624,-7.722635445858122e-4,0.002340511498454352,-4.714619583548828e-5,0.00998007443466918
LH227,NA,NA,NA,NA,NA,stiff_stalk,NA,NA,NA,NA,NA
LH295,NA,NA,NA,NA,NA,non_stiff_stalk,NA,NA,NA,NA,NA
LH38,301.905345918088,196.095175421126,-70.12337302467,137.585824298409,761.775736667523,non_stiff_stalk,0.006446172137767957,0.003518281498330049,0.004120764236271841,5.219360703879257e-4,0.008605897673762943
LH54,354.732284095186,358.198998400663,-396.63680547068,-523.333716837725,-229.006124852793,non_stiff_stalk,0.0070128962041711585,-0.0011041362021425162,0.015075541657501428,3.939956672146657e-4,0.019273076630421652
LH57,347.558617902987,341.695172274675,-396.148447280948,-451.940948290017,-156.215074962032,non_stiff_stalk,0.004122399549060727,-2.465874722441568e-4,7.023680682442535e-4,2.579033555309137e-4,0.006860538862391688
LH59,342.918243278968,340.417194731578,-392.221027384407,-450.298518760692,-127.6797640827,non_stiff_stalk,0.007065908061268197,-0.001643997588378452,-4.026698833683932e-4,2.894510109320567e-5,-0.001768234486191349
LH60,289.377303002456,262.611606442959,-201.436011071894,-247.906467776294,-212.729334729635,non_stiff_stalk,-0.0029945091793818716,-5.661382821589418e-4,-0.002127060702488192,1.0759884476902128e-4,-0.00584551820005365
LH61,NA,NA,NA,NA,NA,non_stiff_stalk,NA,NA,NA,NA,NA
LH65,NA,NA,NA,NA,NA,non_stiff_stalk,NA,NA,NA,NA,NA
LH74,-706.333304635912,-60.5904326703403,44.6705057818381,-179.431738462635,-61.8296598981356,stiff_stalk,-0.002403484669442622,-5.916899584804419e-4,-0.0025580115936581216,-3.189050009910092e-4,-0.001350401843806422
LH82,215.903597689496,-194.515153133555,-11.3251324213742,56.1246819812354,-89.2327729763105,unknown,0.0010084117592608585,2.944079155383353e-4,0.00824482541422519,4.194504807011753e-5,-0.0024495268010343713
LH93,NA,NA,NA,NA,NA,unknown,NA,NA,NA,NA,NA
LIBC4,351.55681734003,-540.358794951653,-87.8164462682803,-21.4519645415524,47.3949237517422,iodent,NA,NA,NA,NA,NA
LP1NRHT,-531.606418932782,-42.8878737613117,604.422844437458,-504.604645333911,19.3661442361543,stiff_stalk,NA,NA,NA,NA,NA
LP215D,317.834731100661,318.499285775818,-305.71900617992,-282.407063844549,147.680806182501,non_stiff_stalk,-0.0034022601774208088,-0.0033598389775259165,-0.0045099960626303875,7.820580773102837e-5,NA
LP5,-618.942083935857,-20.7519279215564,-363.90508580296,190.278891547823,-113.285743125019,stiff_stalk,-0.0021593424668887285,-0.0024799235859172515,-0.020218277393916868,-9.015621192237334e-5,-0.0032702472800987875
M14,117.355545707283,87.7471060326868,102.210890040646,145.012285025493,47.475675071917,unknown,-0.0027898113529650805,-0.003536267512085954,-0.001880327511820927,1.3673581342921447e-4,-0.011378640095613683
MBPM,179.492900087938,164.915413158987,42.4139897327001,101.677652457749,242.483657060447,mixed,7.795041693704349e-4,0.004380687778675364,-8.703320973837374e-5,-5.885687949164212e-4,-0.0036231759331469787
MBST,311.850069216173,236.392206827516,-98.9280553405842,81.3100792758743,675.879186865165,non_stiff_stalk,-0.004295864600542163,-0.002493453213859262,-0.010723881457839288,1.498031404245378e-4,-0.005031138635431912
MBWZ,306.486885975501,-349.176625934556,-50.1339858486064,-96.0958957521728,-7.72395543738146,iodent,0.0064499698057488425,1.977446740908474e-4,0.01109052119172027,9.97021803477547e-5,-0.0018181286760213715
MEF156552,158.294310543341,134.98008626084,63.2086211240987,154.485426165108,-93.3951448073781,mixed,0.004801839343357114,2.554240525513784e-4,0.0027525262923553478,NA,NA
ML606,259.055883949668,185.624027163471,-59.0770910670009,131.167685941393,584.051056410654,non_stiff_stalk,-2.4115201672310804e-4,-0.0022948303413059395,0.0024579140064958046,-1.8487759092070995e-4,-0.011725420416342232
MM501D,312.566018053112,243.401353992404,-140.168487414174,8.08975312661372,502.530767611184,non_stiff_stalk,0.006500441836962552,4.0330503244738887e-4,-0.00847482018982686,-1.5730461926811393e-4,-0.004578592192643697
MO17,404.712812993535,416.475631622252,-545.704495510722,-693.159653613999,-352.326595792168,non_stiff_stalk,0.002686712636526037,0.0017068457517264485,0.005205426774045294,1.7039312545032354e-4,0.006601055334252645
MO1W,163.932298468772,94.9864590395287,87.6596841987492,150.288782764533,-8.18871007496277,non_stiff_stalk,9.186246552418894e-4,-0.001525944767558172,-0.014513567764596856,-7.450660666849781e-5,-0.006144824297826594
MO46,78.7935989543883,75.5956935562045,27.1013339015806,-23.1747092319167,23.584894716298,unknown,-0.004941804829550935,-0.0050760235520292876,0.005842159389188781,-2.9490925791937446e-5,-0.011629993994648077
MO47,58.0438337745863,63.397371785801,33.9074313204865,34.7615315280574,-4.82826879903721,unknown,-9.78683372463882e-4,1.2199063663611407e-4,-0.0033075915180865935,-3.8990729786345037e-4,-0.0031263896313308438
MO5,145.774110596102,116.51564370582,102.668624690846,176.281469438566,-80.7289672304489,mixed,8.351137818076376e-4,0.008220271237554708,0.007969868746127515,3.5767627726141096e-4,-0.013625649790450074
MQ305,111.330525478919,-595.236585974194,167.680098986002,-169.550707906111,-53.5574162410917,iodent,0.0035433275560366787,0.004218628078381509,0.01002354424237134,1.0766944746018136e-4,0.011852393923578146
MS116,123.864024509829,110.093582366426,84.3274045310382,109.868937100653,-79.3778545515558,unknown,NA,0.003510713639017351,0.003955801930374524,-6.11361015220676e-5,0.00915131895254782
MS132,122.469241496473,46.6118069091697,149.756964173132,59.32320347214,-31.7672314835982,mixed,0.00469455650981723,-0.0011523573998878365,0.006398563032591252,NA,0.002029142347836083
MS1334,143.376818639184,121.774050199293,92.0064444813261,151.976476848087,-117.980993276247,mixed,NA,-0.0019337636801813472,0.00851658297312314,-2.737857385006957e-4,-0.006563938666454216
MS153,156.285495379516,124.479237223567,72.9780151952549,162.043814770896,-26.0498784928106,mixed,0.004957567770926007,0.003105168753575086,0.001616964281378936,-4.685666694352535e-4,0.010631854748374287
MS200,129.63594014691,98.8501150819819,98.450694172765,155.845329909112,-58.1762909752906,unknown,8.930311305733522e-4,-5.845645399577511e-4,0.0012719316326518307,-1.219065010084543e-5,0.004449378683728629
MS211,126.785385077596,103.256043617309,111.633633912817,112.56724874714,-76.8613568405062,non_stiff_stalk,0.002238757819174324,0.0013879045730149971,-0.0016936023784200494,2.072972018773131e-4,0.009493652360006868
MS221,-335.554841613048,11.7396170758334,213.161810672948,-128.072241500208,242.473721986334,stiff_stalk,0.007241847688982714,0.008155836884776477,0.0019725613797854833,4.0851441163570795e-4,0.016805190913524344
MS224,132.794765312321,155.009460566426,60.5548212340911,139.597149840002,178.932020188655,unknown,-0.004794860235184195,0.001349659015107154,-0.0010307543765249601,9.894203708733814e-5,-0.0033797152821847787
MS225,144.392017307424,163.359609266214,56.0381538094922,133.498030599735,133.53434562389,unknown,-1.8377926759152816e-4,6.425817647154594e-4,0.004018478038415695,-5.136097072479449e-4,-0.006727069958797916
MS226,-56.0526067269104,10.2444409205151,308.223457996461,-144.788243080344,53.3004002006682,unknown,-0.003355108651368264,-0.00319043920733682,-0.00995961908430446,-4.509820153153466e-4,-0.013709715972706014
MS24A,146.181733514631,93.9811535767557,101.27192293709,141.171811827709,-80.6007812041972,unknown,0.0105931932635641,0.002595435953831387,0.008942995042183844,2.765257035604143e-4,0.01946751357975562
MS67,NA,NA,NA,NA,NA,mixed,NA,NA,NA,NA,NA
MS71,116.467593599963,110.58905924589,150.010099625905,199.871851411113,-111.664667010949,non_stiff_stalk,-0.002177607717301582,0.00492714457722638,-0.0012625661842866605,4.891167647433868e-4,-0.0019800220153676417
MS72,120.262199154446,111.12896710515,114.695758103889,161.464938709516,-79.0041252275608,unknown,-0.03518976012158431,-0.0030691116657702317,-0.009943570490525484,1.8622456318027604e-4,-0.012493820426744112
N192,-685.90226954874,-44.4810308476126,-126.729121290724,-20.86686490683,-98.1469198724114,stiff_stalk,0.0048771197168118695,-0.0026736351645704343,0.0023723518631298666,1.3883312362616745e-4,-0.0016197192109417117
N193,127.563321381444,106.029845214592,25.3069062633755,90.020664472409,-29.6783690558245,non_stiff_stalk,-4.7151888629950637e-4,0.004507578206271926,-0.00266558315706549,1.1043954252254611e-4,-0.007076663798393297
N197,355.305813699615,370.566516566586,-430.117833157388,-558.122855185104,-324.34894205293,non_stiff_stalk,0.004438260218185657,0.0020680184803631486,0.004332111397753666,4.3544257124612806e-4,0.0027532390445905927
N200,69.2797547801027,112.91468000357,100.427778056496,149.808304406985,-39.4515736047415,non_stiff_stalk,-2.4032521054966446e-4,-0.005043767375446981,0.0035337673836320325,-1.2877317833124693e-4,-0.004052201046401243
N201,-753.809904464371,-55.5300073299252,-437.620420383945,180.02455026982,-123.122336574634,stiff_stalk,3.2840376127333534e-4,3.401761080688984e-4,0.004389234186193323,-9.701140425207148e-5,0.014242730884804839
N209,-163.290589991625,37.597103344074696,57.5333238081421,7.77441861955432,-66.4298138100878,stiff_stalk,0.005134513240885721,-8.892522454449764e-5,0.004128169006189181,-9.443097365794911e-5,-0.008983409484637305
N211,89.0938430140465,27.4967879100631,105.310879124638,104.703138598936,-48.7890546530424,mixed,-3.0444340968716906e-4,-0.0017740631884109017,0.00905325599519188,-5.6620734916368365e-5,0.005167254483864927
N215,99.3872466759329,60.6415698853359,122.081933334759,126.184353217212,-76.9807157771451,mixed,-0.0059847009440215995,-0.004576663475462278,5.347739160877273e-4,-3.854097946535038e-5,-0.0035456957216499
N217,-440.606888565435,-56.0334709787106,390.708497533805,-342.414272541976,1.61269010506235,stiff_stalk,-0.0017217315347528121,-0.0047241333989637285,-0.003716331612265747,-2.220145769052476e-4,0.0028593311814643094
N218,-530.536036969813,-50.4289332899639,165.332545945513,-217.6797735264,4.08652999968332,stiff_stalk,0.002215561048565902,0.004839702500058276,0.012343691793611533,5.217411885527817e-5,0.03475094767106711
N28,-114.55185444215,27.9702743962658,49.7611702606885,32.4761925793474,-71.521559435226,stiff_stalk,1.945056634138739e-4,-0.0013311878258687273,0.01504843938276938,2.590923368444431e-5,NA
N28HT,-108.144101116365,34.7691363016552,102.749097182608,8.57282984620671,-65.8826779128669,stiff_stalk,0.00463848188719215,0.004105889679939464,-0.004657752628467524,2.2196666702931254e-4,-0.007332801433641284
N501,-185.461460581443,40.4491097342178,70.335225212715,31.1048382356926,-32.3895027109714,stiff_stalk,NA,-0.003971594244857887,-0.009479368060814465,-2.4338501023011213e-4,NA
N523,-91.7730584195308,35.173822246871,114.919029845625,44.2983158085157,-73.224370376862,stiff_stalk,0.006998176816185854,0.0043668532540994094,-0.007366858584507339,-3.475708002468347e-6,NA
N527,-116.924135358938,20.6724449024241,97.0244196321823,44.0591040176013,-77.5067474983642,stiff_stalk,0.007221223060321283,0.004743928497623369,6.302566691961382e-4,-1.559860714156698e-4,NA
N534,NA,NA,NA,NA,NA,mixed,NA,NA,NA,NA,NA
N542,-115.973477850033,1.19804842011299,106.319805888481,19.9905370751529,-81.277345447821,stiff_stalk,-0.0023382975647806515,-0.005849463201432881,-0.012256431674443714,-4.1983354688792654e-4,-0.012507859091777512
N6,120.966970331426,91.5909044787121,86.2381105055961,147.587808759211,-84.9759354006384,non_stiff_stalk,-0.005850452617006678,-0.002302448823547908,-0.006533256340180268,-3.897384989924647e-4,-0.01434416186483996
N7A,-127.486414000879,53.0880802817897,187.728155833523,15.7031359464422,-52.7077476964354,stiff_stalk,0.0018394487708457707,0.0036436903914967957,0.007816109904376126,-6.262298235829759e-4,-0.0013466261795357915
NC250,-135.383872713004,62.0206320672271,-67.4235018347472,102.021151593423,259.76224035945,stiff_stalk,-0.0017727943752565052,-4.0407775348678975e-4,-0.023027411038689324,5.71379905229625e-5,-0.0169772409473887
NC262,231.262225463854,234.977692402236,-86.042732860213,-90.2797561464168,-137.70211939593,popcorn,6.697875692548939e-4,-5.491627859774669e-4,0.007094448692195518,1.7963087273629348e-4,-0.00352053557456813
NC290A,245.830925681575,217.898449267665,-90.3716090992362,-80.9985638965524,-142.659837634018,popcorn,0.0022352761627483916,-5.732917903870418e-4,0.010147368925609463,-1.5997818824287435e-4,0.0025756411993707456
NC294,-500.15944538596,10.0743639049806,-317.969983639361,172.840679282306,107.420405174035,stiff_stalk,-0.003918292896119461,-0.004805232588434096,-0.017935901615188952,2.027567137775437e-4,NA
NC310,-695.486143506304,-54.9172447471898,-403.412329820839,188.253764234522,-51.0173350993303,stiff_stalk,-0.0085881351565326,-0.006628779678082826,-0.004992571600184133,-1.8154600996678888e-4,-0.012479910080093777
NC326,-766.473338988348,-54.9456690807451,-408.804101255192,183.773991866416,-106.634168954166,stiff_stalk,-0.0021747087369862546,-0.002203318739073475,-0.002372275243275469,3.857675677250035e-6,-0.005348318507076697
NC328,-686.229420565821,-41.9307047004065,-445.580182726738,217.154518415192,-57.5099767723211,stiff_stalk,-0.007211076269573406,-0.0066083896895161465,-0.018768152119345797,-2.104770622133484e-4,-0.01053808576255103
NC342,238.072081641234,213.97984596057,-106.990160842272,-94.8944727548571,-137.170197304066,non_stiff_stalk,-0.008004522609025223,-0.007032113737543892,-7.37123501068327e-4,1.1779487427811484e-6,-0.02251282092615114
NC368,-470.87370523375,-5.05173941793164,-267.953071675958,148.357693818254,38.5718021262841,stiff_stalk,0.002023460174150171,8.053544103609957e-4,0.007793636584988527,-2.0974488915919968e-4,0.014465523940615586
NC412,195.473153324985,178.5364402354,-22.7694951413724,4.17337938680695,-129.99352918448,tropical,-0.005830210544145556,-0.0066986329703566175,0.0025358105704486214,-5.505020111236111e-4,-0.015524103211136555
ND247,127.553064606286,114.028918152922,131.55939823477,129.913544785846,-82.2035934779619,non_stiff_stalk,-0.004366021119488309,-0.001123101790368961,0.004811131556709622,1.012831564776215e-4,NA
ND259,119.968734174819,96.2385137959315,129.583582761746,143.631320201956,-95.5730159884433,mixed,0.004140367819942445,0.0032949393565563064,0.015513075157843498,2.0066738507071793e-4,0.015903787180464427
ND265,78.7245541675911,85.297539575171,117.656049128266,94.7769147666255,-83.6834908124147,non_stiff_stalk,0.003961758643670829,-9.797932307211428e-4,0.004762160247285213,-4.560072474259735e-4,0.0014256514729023377
NK740,384.351362246334,385.247818217221,-491.044311656638,-629.378610091837,-334.002252998468,non_stiff_stalk,0.00979485488848468,0.005042153292474712,0.012308343620574796,1.1294482935124173e-4,0.004685270904022628
NK778,NA,NA,NA,NA,NA,non_stiff_stalk,NA,NA,NA,NA,NA
NK807,-58.1681849732298,57.2098182285465,10.1433304097129,98.8047778029323,191.759339683307,stiff_stalk,0.002838073187008801,0.0013234346048941331,-0.003058766396184245,-3.0375235405774885e-4,0.0092269389475878
NKS8326,NA,NA,NA,NA,NA,non_stiff_stalk,NA,NA,NA,NA,NA
NORTH7,173.328882757479,157.178932276514,47.1479543766982,143.640742274348,186.914954099255,unknown,NA,NA,NA,NA,NA
NQ508,131.187884191541,-547.802422540908,-77.6211890626868,-116.452607275537,112.86674124797,iodent,0.006183438931949695,-5.929985596670731e-4,0.007822254808312161,2.0261738724220305e-4,0.006052255104246574
NS501,18.1055149806272,-543.120503879404,193.355800543598,-231.06385975914,4.4028521705859,mixed,0.005402897168936157,0.0037779938893216453,-0.002808128923733787,-7.3529261139777615e-05,0.027321529058867162
NS701,-695.750377108307,-47.5535608721703,-155.173341831477,9.65237835472514,-84.7844514666509,stiff_stalk,-0.0017335417446236116,0.002694560131582455,-0.0038442216423765063,-6.821674569471771e-5,-0.009437703007764404
NY159(NEVEHYAAR),NA,NA,NA,NA,NA,mixed,NA,NA,NA,NA,NA
NY166(NEVEHYAAR),NA,NA,NA,NA,NA,mixed,NA,NA,NA,NA,NA
NY6371,116.485708610947,115.338382333816,91.8660570972818,142.556238164193,-74.8393637031719,tropical,-0.006868717778394857,-0.005316602601519065,-0.0062588092277805225,-5.33081557520589e-4,-0.013492010525245294
NY821,216.431154549553,219.826996367328,-34.9717868745431,-23.069327192216,72.1092936405176,unknown,NA,0.005093048189521041,-0.004609367208597487,4.45163345373886e-4,0.013394812857323711
OC19,147.341691352241,105.215360898478,98.6480980740318,132.805277267771,-79.9641397051463,unknown,0.0030444467829075,0.017932766409238975,0.005870948747810481,3.9886021135407075e-5,NA
OH33,136.192456372162,108.030122924579,115.80075509025,133.530914260537,-108.904789300704,unknown,5.242262825715423e-4,5.17581418169752e-4,0.0015198855363031652,9.983667712672274e-6,-0.0021981686169503857
OH40B,226.270974043153,235.18934624494,-33.6473921584524,112.090482874049,423.420771297082,non_stiff_stalk,0.0018590421125459077,0.0034399730027363387,-0.010118047987811872,1.7558883971606801e-4,-0.004075523843574202
OH43,271.367431363259,259.809458464703,-53.9509781699308,153.075987664668,738.240235092841,non_stiff_stalk,-0.002844667415559517,8.484136021855263e-4,-0.005932064088305673,-5.190573233242449e-4,-0.01740904878739993
OH7,20.3552752019211,89.6415194305112,202.933737534633,60.249155377911,-49.5648444470347,non_stiff_stalk,-0.0023066615297402254,-0.001142866315434571,0.00891043447438197,1.502557097785791e-4,-0.0032870055233235277
OQ403,199.234248537185,-622.646676116894,-82.8172929128205,11.51740344328,1.15120266157117,iodent,4.6730419275352704e-4,1.0448017546942838e-4,-0.0014261923957593875,2.405855002988074e-4,0.00834486508556927
OQ603,194.22846810494,-600.070813912362,-97.3349306475005,-120.073690869725,33.8318904593255,iodent,0.0037910675037609747,0.0011422444793131158,0.0010941971422500564,7.037288092552638e-5,0.004760503178116691
OS420,100.262195914094,44.7253141834959,104.974919492923,171.462317775381,-112.547166371193,non_stiff_stalk,6.570433945892659e-4,0.003521307944425609,0.011644617068923674,4.834302427531946e-4,0.007123955838645033
OS426,94.9839207856875,72.108456273009,94.2207023850485,125.881247187012,-100.145367757673,mixed,0.012069206334625172,0.00930619160184943,0.0065750832568049295,4.014858290068657e-5,0.006804424700080174
OS602,98.4075167061873,-602.74595267845,154.549203066761,-178.330262106548,-12.345515438363,iodent,0.003971964046482764,0.005851156993799043,0.004128433846762142,-2.1640893553120108e-4,0.004378924601953126
PA392,65.6587429275357,99.8717587961323,145.885444909716,140.491085293568,-74.2356024421137,unknown,NA,-0.0049124778683571485,0.012101525638778374,-4.0221033598795465e-4,-0.01054400302812833
PA405,120.473803942746,131.62303509892,126.94502712895,196.842491608432,-71.267710010473,mixed,0.0015198727637429257,-0.0012347877578370975,-0.0069213723673943375,-3.166318003984569e-5,-0.003218461465557202
PA762,261.981009261614,230.182542730808,-14.7749240244215,150.148907882584,586.305163030221,non_stiff_stalk,7.087535435541435e-4,-2.2416091672501028e-5,0.0036013811956523245,5.371626570560458e-5,0.007645623248685515
PA778,NA,NA,NA,NA,NA,non_stiff_stalk,NA,NA,NA,NA,NA
PA875,NA,NA,NA,NA,NA,unknown,NA,NA,NA,NA,NA
PA880,145.504258778324,83.9781481534914,64.9588379085271,111.125983376367,-71.6458737443167,unknown,-0.005153485850565301,-9.336902949624322e-4,-0.002827628950210596,-2.9762754696404333e-5,-0.003598923827039476
PA91,191.81819149786,126.563807837507,50.3986729187308,164.081272197716,274.209537435865,non_stiff_stalk,-0.002679894458785484,-0.0039330360548465,0.00992911001390959,-1.605877800952091e-4,-0.012349834203702073
PH207,399.123487298024,-998.698186270378,-118.078588695591,-39.1976686320135,-69.1205144614831,iodent,0.010770750989998778,0.004757635541976265,0.009686115890780575,3.3044049600705215e-4,0.02957223370440136
PHB09,-211.014845212986,14.5049959141394,18.8027232719699,-73.5999336575573,296.567616386292,stiff_stalk,0.002712782483198342,-0.0028128150161888226,-0.004087364415217794,-3.513828020246913e-4,-0.0035588593288674217
PHB47,-153.807696996535,25.0045619785224,-27.7767338835714,95.7205208495367,336.116363567364,stiff_stalk,-0.0013403532445550592,0.0019050506843427972,-0.003507808218182341,7.591440379854944e-5,0.0011357421871134854
PHBA6,253.680079385,138.838970587556,-34.9544072078543,16.577564030608,143.675277122317,non_stiff_stalk,-5.64801820550859e-4,-0.0023082928618485647,0.006380078455493123,3.157612376365241e-4,-0.007016451843935765
PHBB3,-417.227067573247,3.41797814221121,-32.2469275134918,-109.61903233866,296.124143767668,stiff_stalk,0.007711206816069214,0.0024551516762282696,-0.018098008883453268,-7.863078513102881e-4,-8.965352539244946e-4
PHBW8,-188.606459966528,96.0618430684153,-100.161013830895,-155.465902534718,234.777777703355,stiff_stalk,-0.0022407369146091225,-2.621038474682469e-4,0.007255952233774183,1.295609793056348e-4,-0.0054792990492676
PHEG9,-565.820038355319,-22.6499172001888,17.7472231694895,-105.935087153042,77.1092569700566,stiff_stalk,-0.004639214716485464,0.00320384444708032,-0.002004051230906761,2.1789252147890394e-4,-0.010751628403608602
PHG29,392.477477913498,-919.738769021643,-127.942391599709,-27.746344278481,-62.7997067664539,iodent,0.00262403036248452,0.0020569435340230275,-0.004825964760777626,3.087041964310734e-4,0.009335074614111073
PHG35,239.865471819109,-200.458649947714,-4.00587236245128,2.19081640104153,-50.8839877873349,mixed,0.004044907543005396,-0.0021869895785899397,NA,NA,0.020003773955084982
PHG47,254.187359986715,115.360219637996,-21.5601465449517,82.7883802450509,357.633701527081,non_stiff_stalk,-0.0017424536315648021,-0.0032801333231256805,-0.007824237609045298,-2.088127058676245e-5,-0.008498270719971335
PHG50,360.473713332534,-700.399635334414,-67.0441916001328,32.7464847623311,-89.9756443084561,iodent,0.0016725017937724396,-0.003708163719556733,1.7768928456271858e-4,1.1578040174069169e-4,-0.0021327720968104175
PHG71,-112.481255280499,-475.52675703335,284.119717844105,-274.676909227718,-22.117189969991,stiff_stalk,-0.002333376637567051,-0.0010162477774125166,-0.005638066912812148,2.5551591772037826e-5,-0.002407570367722896
PHG72,120.459697217044,-648.814539452925,91.7177164326284,-138.195071127064,-5.33109815094102,iodent,-0.00018560820613876744,6.13642884841127e-4,-0.0030338005130501238,2.4855404209163075e-4,-0.015472053289298989
PHG80,-147.124532799618,91.4749238044494,21.2290417344882,-223.883128522897,228.468837278695,stiff_stalk,0.003947711491682956,0.003599263598251689,0.003955378493126952,4.75757136294641e-4,0.006110546620444223
PHG83,NA,NA,NA,NA,NA,iodent,NA,NA,NA,NA,NA
PHG86,NA,NA,NA,NA,NA,stiff_stalk,NA,NA,NA,NA,NA
PHGW7,271.307491223942,-815.245199217258,-130.198553250879,10.1659615887459,-71.8351861200445,iodent,0.00357654925384962,0.001232485419626916,-0.002234313080790225,1.4463958413799463e-4,0.002683518796852032
PHH93,368.605530561003,-845.608444135948,-98.1831127805592,-19.0529029007883,-60.3376846463235,iodent,0.009662708644108148,0.005486818749290606,0.015477824900824892,3.679710613382005e-4,0.022026915283097213
PHHH9,NA,NA,NA,NA,NA,mixed,NA,NA,NA,NA,NA
PHHV4,NA,NA,NA,NA,NA,unknown,NA,NA,NA,NA,NA
PHJ33,281.194689804873,-215.706991378477,-107.618572848146,-65.3019792447025,-38.5693409937996,iodent,0.007843102289207307,0.010701490185635123,0.017117394471629115,3.6114742737959155e-4,0.018402007424155438
PHJ70,-361.696662909103,24.3095403410423,-54.1101015980872,-28.7911617975337,75.6023512422565,mixed,-0.001705327356789539,-0.0016583411211533471,-0.0037972838608581827,-2.0553680478214395e-4,0.014522128166893565
PHJ89,246.469945818984,164.813246846222,-43.8357057408821,38.532697121714,372.518159198813,non_stiff_stalk,-0.0069925347914506,-0.0060018207845597546,7.792138236107019e-4,-6.406825529304315e-4,-0.007527029915405292
PHJ90,NA,NA,NA,NA,NA,iodent,NA,NA,NA,NA,NA
PHJR5,-384.285836213212,25.8997782829388,-102.237568793884,4.67198403088343,214.81486301226,stiff_stalk,-0.006104401542391147,-0.002294731132250352,-0.011002631945152443,-4.0905986627794676e-4,-0.010383491656537033
PHK29,-399.901071648007,-3.70028538723575,-99.4018512024625,-95.7032204892144,236.249169445638,stiff_stalk,4.424561721879511e-4,9.888360300726415e-4,-0.004168719361566719,1.9136638877199804e-4,0.012649266931876476
PHK35,-493.682977369102,-20.712760066442,-28.1828768144436,-163.742608589766,225.922897891188,stiff_stalk,-0.0015392879235776508,-0.0030402209790607983,-0.0028569239530615077,-1.7997259788438125e-4,-0.0073079690971508135
PHK42,381.39782282354,-871.652669132194,-101.552911662701,-7.53207575787012,-52.4831482519384,iodent,0.003130708892197372,0.0075445722087055574,-0.0026415941535019136,-5.475025572865156e-4,0.016053531286930284
PHK56,303.944407896537,-85.7997261295108,-43.0143727189379,18.1483306770931,166.386357712043,non_stiff_stalk,0.003693575703680431,0.0013416811146665583,0.009789890970806259,3.4856670798610275e-5,0.004797616287222245
PHK74,264.329227722211,-573.065021418054,-28.5747028542792,17.0879057969538,-38.8437679271572,iodent,0.00261409157457223,6.8253689327578e-5,-0.004761699671230119,3.6288365794275094e-5,-0.00269198317938301
PHK76,275.150629758448,254.640549254328,-151.847105450363,-226.554875196509,198.655441152932,non_stiff_stalk,-0.0060435062999104495,-0.003618257301786635,-0.002492907763037246,-6.712916465627084e-5,-0.008993192987527031
PHK93,188.233899599016,137.077469962046,41.4204587062201,142.368662135212,191.170662184325,non_stiff_stalk,-0.0024361183329276617,-0.0045344318443392515,0.004869706735551831,-2.46913457858236e-4,-0.018317974855274363
PHKE6,339.027492154342,-472.764305258767,-103.113505553868,22.9669919087579,146.891663087808,iodent,0.002215946578432627,0.0010507298390608362,-3.324702424967621e-4,-2.471423743041164e-4,0.01343677861153979
PHM10,153.567451749246,-698.316212320354,-4.4302564586783,-120.265525467961,23.0978431911513,iodent,8.915726859797305e-4,-6.743947152931623e-4,0.007493157271042226,1.804653344670365e-4,0.010444991009513857
PHN11,380.990846997635,-855.805866660635,-120.351964771913,-19.4351039007169,-62.2961786457217,iodent,0.0035281125078641925,-0.0025620480111959716,0.0010764818275073964,2.294894374315084e-4,0.0025372753358345584
PHN29,NA,NA,NA,NA,NA,mixed,NA,NA,NA,NA,NA
PHN34,175.419103705546,20.4008252336286,39.2525790771671,116.827581917757,-103.726456417757,non_stiff_stalk,-0.008148038622825496,-0.005013981684159965,-0.011597969304405811,-3.0310911234920945e-4,-0.023401033239557497
PHN46,252.214265484308,18.0377622917004,-71.9429933456792,-41.1097347385299,-32.4194863126542,non_stiff_stalk,0.001690064403763318,0.005007536791098076,0.016266869515391396,1.7508715975171892e-4,-0.013445918220155815
PHN66,-253.713498314125,49.5189971321352,220.096790221441,-307.020756680176,99.9715879841907,stiff_stalk,-0.0024216230320392336,-3.0987486255228147e-4,-0.0014049459073127183,-3.341783719962382e-4,-0.011557533981829774
PHN82,346.474661767215,-689.344761206481,-153.179326975873,-42.0796040475451,-60.9684226606181,iodent,0.005836319852267943,6.518962425189729e-4,0.007154147696958549,1.003524055685562e-4,0.013345852868325778
PHP02,340.727165051313,-878.846863855265,-79.2212955038936,-56.8735518196048,-53.7174558318817,iodent,0.004305751571122201,0.001995427279159539,0.010356980065270494,4.5008778361677797e-4,0.01416945710575839
PHP55,281.385827706007,-817.824589409092,-45.5677638339762,-69.616849310085,-57.8374818085914,iodent,0.016710926999907495,0.005300607307519239,0.00475716219538431,2.493317007707045e-4,0.018750724855263405
PHP76,307.431655222785,-546.439025742887,-43.4548957800588,6.48951722469296,-15.4089228582376,iodent,5.536389979638981e-4,-0.0021883911395503973,-9.417429187835885e-4,-1.0770570992066556e-4,-0.014307476613469122
PHP85,-487.412669424106,-14.6460976388935,-31.2230661929931,-152.343018387578,241.381162076301,stiff_stalk,-2.304340161283737e-4,-0.0019525809999898307,0.00508101884669163,-2.5183621418472895e-5,0.016266455460369846
PHPR5,-227.684698201218,60.2146216050186,-2.79673888321979,-125.919062495144,224.338599105186,stiff_stalk,-0.002592474376655607,0.0031545217132181985,-0.00556277792662505,3.408865491665502e-4,-5.843152293263505e-4
PHR03,299.686639691388,-243.762504021861,-142.09789567195,-85.9380997691259,-8.42441163872419,mixed,-0.004740048069674861,-0.0012996332382354812,0.004446861395756054,-2.8003473235750805e-4,-4.1303477397584723e-4
PHR30,NA,NA,NA,NA,NA,unknown,NA,NA,NA,NA,NA
PHR31,368.632624890198,-731.83635418771,-97.5689045113647,10.6991682107415,-27.332262832234,iodent,0.011789189553177721,0.005299605807452022,0.005308849928457181,2.010379432311329e-4,0.020699162188913166
PHR36,209.57384847323,-92.9363430979238,14.7256493360715,96.9761923647189,-125.016501811818,iodent,-0.00586850261363108,-0.005309241273955188,-7.076780370590823e-4,2.026461309615236e-5,-0.006904683326915728
PHR47,NA,NA,NA,NA,NA,mixed,NA,NA,NA,NA,NA
PHR55,NA,NA,NA,NA,NA,non_stiff_stalk,NA,NA,NA,NA,NA
PHR58,238.991081134374,175.764500942263,-89.9776921271033,-76.6023923143271,9.9978308841248,non_stiff_stalk,0.003077884822205232,0.0019503584985679885,0.002590805207442983,2.5979402710378546e-4,0.005747220741553396
PHR62,331.313357136641,-470.3754632305,-44.7648119158073,6.82046449983033,-81.8923572514353,iodent,0.0029984117862651063,-0.0010494310362295074,0.0024290876682826023,2.6910833837485326e-4,0.014966054413052736
PHR63,NA,NA,NA,NA,NA,iodent,NA,NA,NA,NA,NA
PHT10,-602.6672916837,-35.5040881955599,-116.002157376183,0.142692700524623,102.240838738947,stiff_stalk,-0.0075714695234116855,-0.005909884063793534,-0.006208444656668113,-1.631826770969282e-4,-0.004049145259305954
PHT22,311.209254303255,-304.825921493733,-96.2708322806096,-22.127417344784,96.0473373429105,iodent,0.004382856232893168,0.001865560262701379,0.004526257720788671,6.79987654337004e-5,0.014888630304959105
PHT47,-291.600605276656,-17.2288233222475,140.495854856346,-108.820632826789,330.863209096861,stiff_stalk,-0.0061836317880928264,-0.0014197082183726082,0.004242317519218058,-4.117258298986933e-5,-0.0045611899693432795
PHT55,-282.830822118314,-22.0388318550886,151.138707596809,-201.925877911305,267.575184966909,stiff_stalk,-0.003885840243766593,-0.003786393418027978,0.006385548615526934,-2.35873900583819e-4,7.843177483000873e-5
PHT69,-71.4203432491736,106.250938275013,-18.8820689322502,-150.274245326323,221.938776285778,stiff_stalk,0.0018698984702344842,3.610619800496644e-4,-7.326012435459649e-4,2.1215265819771593e-5,-0.013868954437510872
PHTM9,190.528363619973,94.5403707970914,46.573449448023,121.329425435832,182.504220686208,non_stiff_stalk,-0.005028020382981704,-0.0038614581311313414,-0.006743645303844756,-8.750069620827323e-5,-0.01719360027444202
PHV37,-191.140949849717,63.8591799087337,137.31477262455,-216.147564500031,182.098642105506,stiff_stalk,NA,0.004510683838365642,-0.0025201472385656177,-1.632651435472679e-4,1.1317183727179353e-4
PHV57,277.469209940772,-754.409807130111,-58.143341051963,-42.7015678345757,-23.6401377808289,iodent,0.0029933878633367893,-3.423056097968446e-4,0.0022821790552176725,-2.258373069942908e-4,0.006642294812848498
PHV63,-113.141022089907,88.5904210928826,22.4461532605017,-186.393339847562,88.2376873077512,stiff_stalk,0.006524655036783881,0.004452986428658458,-0.0022304401343888384,2.745404550010755e-4,-6.276469826482908e-4
PHV78,269.403379586331,-146.719045174907,-82.8083977141616,-69.1867854627095,8.29566749909625,mixed,0.004085329876449572,0.005616974011234211,8.892029435530963e-5,2.0456920147338375e-4,0.01115705851848228
PHVA9,-203.222961720601,23.5413020978583,-62.7132275925672,-27.6710332496905,284.570646073562,stiff_stalk,0.005990560386600985,0.0015396382013870339,0.0029843016677903404,1.0613753000918744e-6,-0.00669676326740571
PHVJ4,257.237921898451,-630.629200471086,-76.0958893608385,-66.7108067014557,-6.19104080732876,iodent,0.006291741809900563,0.00671774837948113,0.006257548339738928,2.838797962642693e-4,0.007601126452116608
PHW03,60.5395728087277,102.601855554997,54.2911605304463,121.838813237771,60.3448358575037,mixed,-0.008973833528635611,-0.005925612215687202,-0.0050847732771339025,1.3095485115250977e-4,-0.018400435910630335
PHW17,-506.229631550549,-9.93825989164358,-167.443598451783,111.728839630695,-90.6842743341635,stiff_stalk,-0.0034259405469645645,-0.003950298787012431,0.0075502816996116445,-3.9061183808481435e-4,-0.005103530171765868
PHW20,71.6618034524572,70.8023846296357,133.326265010647,24.9020449535185,-46.8460398817463,mixed,-2.8930536176935005e-4,0.002964742142225474,0.0029328221088996747,2.043116464434766e-4,0.001669595089535338
PHW30,314.476457892534,-340.628595773826,-110.977493960455,-2.51118098902747,80.7028826520927,mixed,-0.001086306161925155,0.0040599686820276554,0.003058999785411551,1.9781734262635205e-4,0.004443944609822672
PHW43,227.214706572221,-65.9367205248402,-47.9495449028009,71.271940958452,220.729465612809,non_stiff_stalk,9.691504400148416e-4,1.247796680050343e-4,-0.005482002962884785,NA,0.008494423716044525
PHW52,-507.417442834816,-10.8888032494279,-26.9108486158082,-95.4021452587962,230.127251278579,stiff_stalk,2.1256058624127702e-4,0.005636749073356205,-0.007848396977517328,4.7870898704511994e-5,-0.016641481363913097
PHW53,306.711957640869,-435.507831054095,-34.4698090572158,47.7732238937218,-70.3153352083123,iodent,-0.005629885177705123,-0.0025201373758282943,0.002713932424705301,-6.754015423130875e-5,0.003331158390414931
PHW65,264.003389354172,-29.5081639048547,-47.7690976421274,-36.1783731952619,100.593105097904,non_stiff_stalk,0.008438126875368244,-0.004149268115829553,-0.0028392654492680716,2.892069889914626e-6,-0.008799914621792821
PHW79,73.4668376543695,93.0766272766406,-104.945569870072,-54.6733481692573,145.640327686404,mixed,0.003191210970815528,4.592766891081937e-4,0.002345584587456779,-3.546289076007638e-5,0.009234036862743272
PHW80,264.525177372504,239.637942180898,-110.810034267018,-166.523294741744,268.335829071145,non_stiff_stalk,-0.004112799226798552,-0.004433711993006356,-0.007127306642952767,-1.0140210275511735e-4,-0.014013838152563261
PHW86,122.082911366431,-649.341685077912,123.433006330642,-136.865203368112,-39.5273376029037,iodent,-0.001545051672470638,0.00448239672320992,0.0023730513997778043,1.8878213064766106e-4,0.004353592872198541
PHWG5,227.098335826049,109.10482154631,-63.44032946454,-46.8657306414822,-6.28075855315558,non_stiff_stalk,0.002939069944117658,-0.0030850119444425566,0.0011503745223377217,-1.1169849994019741e-4,-0.001931673791648594
PHZ51,229.072958145263,92.4664547948432,-45.7855588597733,-13.777348564994,-100.870616096749,non_stiff_stalk,0.0020253918336060467,0.0022294214146060588,0.0013102591226079867,5.1517782691569625e-5,-0.004481324435089724
Q381,NA,NA,NA,NA,NA,non_stiff_stalk,NA,NA,NA,NA,NA
R113,122.87642995288,119.810997257751,121.250364157743,156.500090818681,-8.43578788472761,mixed,0.011884648321473814,0.006998203128730106,6.422876298430622e-4,3.7496912489172186e-4,0.010943390769294096
R168,128.087458889846,113.056114963461,149.849775065138,165.12829365858,-40.5404334546878,non_stiff_stalk,0.0033511213939542255,0.00487909764269747,0.006753703200694554,-1.8245560298403492e-4,5.588680848615061e-4
R177,185.333862456061,81.5066655281163,98.1879366554467,167.871186510488,57.1284027413642,unknown,-0.00917023507179084,-0.004943406554726899,-0.0014866165066591774,NA,NA
R181B,116.964567867668,45.5301767625504,73.8123523106035,132.526089012428,-17.8025592156335,mixed,-5.897624215993115e-4,0.004788362084204748,-1.865106793906531e-4,3.861456801048737e-4,-0.0012155335394159414
R226,-49.1036088126667,70.1975662648211,188.239238987424,-13.6967881546555,41.8452974681154,mixed,0.007292947723955855,0.003480936450678701,-0.002399929486592842,2.3226908120841283e-4,0.016329075933040872
R227,-121.446967665748,25.0948977290131,-8.73210020954736,78.4256892116244,-98.3695797881977,stiff_stalk,-0.0033033193010444406,-0.005990246738458888,0.008901944850886474,4.888643082749016e-5,NA
R229,-685.653880143909,-36.7252239814175,-386.733098774934,184.00469292675,-129.799477811311,stiff_stalk,-0.0011302560617625973,-3.551034524485951e-4,-0.001587003551159117,-2.8420486863570506e-4,0.0011132377327774982
R71,119.74345557343,45.9604061094231,101.004775859399,176.782091051428,-75.7839356233006,non_stiff_stalk,-0.0029519949905998,5.110653881341753e-4,0.009187494981855383,2.6037169836178265e-4,-0.008527366084850527
R78,130.248089354085,106.686297615359,98.0513090265402,153.888239392331,-117.140032447744,unknown,NA,-0.0027514498950805093,0.004542878902510876,-1.4664604876487802e-7,-0.01171240176952443
S8326,349.92025788833,349.32701380287,-435.91959585907,-546.331759140312,-303.001336067192,non_stiff_stalk,0.002817311888431923,3.835948710999127e-4,7.329317328152178e-4,6.56340618876997e-4,0.002787646618422732
SD101,-42.590474654689,-75.2490337452282,-91.2477695425301,35.2437558921556,121.516311904558,stiff_stalk,-0.0023145517267362838,-0.004216706879318017,3.7510232545209595e-5,-9.594766198133644e-5,-0.006948782300671594
SD102,118.039950141726,-346.719858023564,-53.5443278268459,42.3783319307096,224.857996572223,iodent,0.003768192952144466,3.8321935591557297e-4,0.0028581597261240054,-3.468295513014208e-4,-0.0012081933203785494
SD107,-301.356607487407,11.6431555240596,449.848004517416,-314.951732224979,-22.2506813154621,stiff_stalk,0.004493058355605249,0.004139060064243923,0.004893108571541795,7.504264234485025e-5,0.014977281006474576
SD40,167.975559633465,-606.627974835665,-90.8332398006648,-104.136952865177,121.522941579443,mixed,-0.0021566105691805696,-0.0012892693921776495,0.003691183850503328,2.1778716153543053e-4,0.01659844901720912
SD44,179.529640153403,-42.1484722520181,30.577932844892,129.995824179545,35.50398811751,mixed,-0.002263109099477117,-0.0024775476098033876,-0.0021231642207201473,-3.1272842048754686e-5,0.0037369926927241282
SEAGULLSEVENTEEN,406.237787716924,416.660449213327,-544.803804498666,-695.526902459348,-354.833589377864,non_stiff_stalk,NA,NA,NA,NA,NA
SG30A,138.286321882077,122.727572976917,110.404108875674,225.529386031581,-169.716544891317,popcorn,NA,NA,NA,NA,NA
T242,120.398429150026,107.247864173131,85.5475577762798,167.612795370032,-84.0112300701867,sweet_corn,-0.0039079078392953515,-0.004431441435698118,NA,NA,NA
TR,33.5688410205114,58.2748012976428,66.4405103058862,138.38902859544,-71.9274234067225,stiff_stalk,0.012764113726150512,0.0026503981458311505,0.005021949147610615,8.128306759374469e-5,0.009691262285049494
TZUCHIAOHSIWU105,133.655811186825,131.309092936794,80.8951556868725,160.824573862972,-150.984702295328,unknown,NA,NA,NA,NA,NA
VA102,194.138972623966,205.044184254528,-7.54985291999488,-11.3863482115893,-155.626241631363,non_stiff_stalk,-0.005362235700009503,0.005931783773681727,-0.004883538397721696,NA,-0.00925247076100573
VA17,199.088921199465,98.6572068796058,68.4625924260225,109.78771564496,-26.5630263749277,non_stiff_stalk,NA,-0.0034832425309465043,-0.003195630538023731,9.376828059585708e-5,-0.0023567909938450047
VA22,NA,NA,NA,NA,NA,non_stiff_stalk,NA,NA,NA,NA,NA
VA26,208.242658995702,196.834447608705,-11.6394542141043,151.751635508683,488.497858277678,non_stiff_stalk,0.0012209712025333076,0.002654198046467424,-0.0040651949790380644,-4.617425376301451e-5,-0.008605996523230231
VA35,216.76666035521,207.432969635466,-15.6975510026975,-30.2936687256117,-168.922604762722,non_stiff_stalk,-0.0072535442636859765,6.309152583305547e-4,-0.019241554435749552,5.565230106933201e-5,-0.014485721974796346
VA52,243.028032481972,156.195516469002,-52.4372888441232,-31.502127505235,-67.0260800204325,mixed,-0.0023211293107483857,-0.0033457180585221426,0.010242559719867013,2.979924168577954e-4,NA
VA59,247.954643941305,249.341513221846,-92.2652187376128,-124.483355066778,-171.27878098641,non_stiff_stalk,-0.0013940118230251347,7.940892723555887e-4,-0.00719803389452213,2.2429037316095538e-4,-0.0012538146635706479
VA99,94.2449489257062,86.773266404209,136.713662894831,102.734968901098,128.416127828112,non_stiff_stalk,-0.0076285914672459395,-0.007038415232079788,-7.037316994157675e-4,-1.1753401678504681e-4,-0.023116917379746638
VAW6,153.992531494988,123.150738411214,36.7599108933189,112.03428343852,112.402575100351,unknown,-0.003898463618886166,-0.0029165321548956023,0.003837217772496257,1.5240552081728222e-4,-0.017254579709503306
W117HT,140.232981936671,105.886224067725,87.5937372421928,117.500608760264,-89.822874720487,non_stiff_stalk,0.008464388829724934,0.004202059595188905,0.0050861008085529,2.607174742241492e-4,0.013809019266111822
W153R,186.963845475455,108.026932847842,65.980599796117,144.731837373985,100.136225145246,non_stiff_stalk,0.011079717424783976,6.32886581812207e-4,0.00859719443949354,2.7607324886793716e-4,0.015411505203035117
W182E,150.91413419079,130.885520891446,149.650374558754,198.469346655398,-71.1824649585037,non_stiff_stalk,0.00830700006748344,0.004095018928027009,-0.0022434407959564698,1.7572811528315438e-4,0.03715518746853139
W22,138.842408204337,142.138891116109,158.327483038143,234.393146224665,-46.7509545488193,non_stiff_stalk,-0.005290361435217563,-8.152852566693208e-4,-0.003869853312620898,4.726096673739161e-5,-0.014119910328454836
W23,151.015452738514,133.38674192923,122.877615517139,177.268817832763,-90.492769368413,non_stiff_stalk,-0.002010975321789169,-9.264092886300715e-5,-0.009985314113262546,-5.5585904651358724e-5,-0.0163271190319661
W24,93.2983995301294,43.1237024917875,42.5907334833949,87.2746082443224,-134.02378957709,unknown,0.003019015492979466,-0.0013533636567633596,0.005063498443561886,2.0503492822160926e-4,0.002694534161663225
W32,129.604982801826,123.98126293447,145.772503610197,223.928178404896,-110.772946336865,non_stiff_stalk,0.004222468565677761,-0.0015742817564737875,-0.00674648370336962,6.94650725927751e-4,-0.0017456495083136554
W37A,135.884745125424,105.121387117799,135.904449130006,208.070388036298,-89.7656879898164,non_stiff_stalk,-0.0026956486423547984,-0.0056354916425194815,-0.007073676002666648,3.363143923233484e-5,0.008882396348468909
W552,183.661022520794,143.858714568644,35.9345763884292,88.709917786689,65.9066050225648,mixed,-0.007742749126672702,0.003121725616642795,-0.0035154316088561017,-4.3401790092932596e-4,7.436252136092784e-4
W602S,176.596999572183,194.229124017452,-132.08472131348,-167.092497356906,-117.001918581867,mixed,-0.005203530751688754,-0.003354632503016318,0.0027028176775109217,7.37907033701985e-5,-0.0015566223250496841
W603S,236.652583865897,251.954271695233,-136.137133916073,-163.489490993444,-44.6504657510957,non_stiff_stalk,-0.003063660007066595,-0.002341518189682041,-0.003548582616297104,5.139532896398862e-5,-0.0026428227617461804
W604S,197.474555231873,249.851765943453,-153.397051357536,-200.745557429432,-84.902337660078,non_stiff_stalk,-9.254023729817401e-4,-0.003302533009842337,0.002282783765842098,7.097819448028367e-5,0.0055637914666862584
W605S,284.447275113514,274.65748022151797,-210.194010348549,-205.402829117823,-38.2392022181375,non_stiff_stalk,-0.004420899690948374,-0.003087404421462107,0.003491117365359612,-4.8791891660369805e-4,-0.010441903727325902
W606S,NA,NA,NA,NA,NA,non_stiff_stalk,NA,NA,NA,NA,NA
W607S,NA,NA,NA,NA,NA,non_stiff_stalk,NA,NA,NA,NA,NA
W610S,NA,NA,NA,NA,NA,mixed,NA,NA,NA,NA,NA
W611S,NA,NA,NA,NA,NA,non_stiff_stalk,NA,NA,NA,NA,NA
W612S,NA,NA,NA,NA,NA,non_stiff_stalk,NA,NA,NA,NA,NA
W613S,NA,NA,NA,NA,NA,non_stiff_stalk,NA,NA,NA,NA,NA
W614S,NA,NA,NA,NA,NA,non_stiff_stalk,NA,NA,NA,NA,NA
W64A,175.55944516172,111.017087205035,-34.4027446240202,29.9504713087375,-57.5155917050304,non_stiff_stalk,-0.0020320760270680287,-0.0032611210613866545,-0.005837579607114342,-4.0621622047558824e-4,-0.008805823895092706
W701BC,NA,NA,NA,NA,NA,non_stiff_stalk,NA,NA,NA,NA,NA
W803G,100.514385600383,123.659864065208,20.6810101093364,25.0650404585914,-90.3996603742855,mixed,-0.006657403200843276,-0.006513116750585051,3.182686871243548e-4,-1.8952580215475797e-4,-0.013281734654407672
W809G,-559.547609414526,-12.264632292861,-294.520737071004,142.416217903433,-77.0036616664707,stiff_stalk,-0.011300201283890917,-0.006602149982646129,-0.0072822240706158685,-3.756387991314206e-4,-0.013894642807253282
W810G,NA,NA,NA,NA,NA,non_stiff_stalk,NA,NA,NA,NA,NA
W811G,-499.398230386621,2.18345831645229,-190.399248858073,93.9536380465298,-17.6577797984338,stiff_stalk,-0.006833702935740804,-0.0019200099119527749,-0.01373502253286722,-1.8393391056511078e-4,-0.01941370405551745
W812G,-356.693851547534,-114.679525313051,-214.480426917888,112.301859218857,32.82169207737,stiff_stalk,-0.0035864746967966014,-0.004197910391559901,0.007124796431078906,-2.2742551521569572e-4,-0.012976699107609567
W813G,-436.522769083957,-2.90664938217466,329.080695601981,-255.67283701194,-65.3023866221121,stiff_stalk,-0.001755892604767875,0.0021496029308217864,0.0025883476668921747,2.2545653342368935e-4,-0.0037247394763481093
W814G,57.4514702827682,6.74767400290635,107.504126289465,-18.6321998680555,5.73809323449666,mixed,-0.009354348461227156,-0.00424498788805359,-0.0020244542359914826,-2.47688681309191e-4,-0.012783647311068411
W815G,NA,NA,NA,NA,NA,mixed,NA,NA,NA,NA,NA
W817G,221.578131984338,85.1753475950834,-73.0298815683512,-64.2605082093491,115.739436510228,non_stiff_stalk,0.008470923342126208,3.6379052815922996e-4,0.015560131631760095,3.3386008205660875e-4,0.014232237329102901
W819G,-547.067849258384,-21.8808697128238,-102.886352139339,-24.2745561447346,-44.2225160952617,stiff_stalk,-5.109519791512356e-4,0.0018454121131299419,-0.007917902411467583,-1.1899237921761517e-4,-0.0017992011133898722
W820G,-426.771804896439,7.79733844111493,-65.7344511995685,52.7824714637916,7.8427986740045,stiff_stalk,-0.005066022784449793,-0.004831821026213092,-0.002554445703519672,8.143276671961244e-5,-0.0132647327000981
W821G,243.514564682062,116.524428488373,-113.959855020523,-17.9083546121773,264.755173225274,non_stiff_stalk,0.007295011157245665,0.008464496898317344,0.006688110953274021,1.6825100784758112e-5,-0.007317426052867667
W8304,-639.63039677133,-21.2055188688941,-313.637403288663,77.2405153710488,-127.08545748181,stiff_stalk,-1.2168522013257224e-4,-0.0013358985227641474,6.388985487940049e-5,2.177571308357924e-5,-0.0010389283620242224
W9,128.760572358861,132.154260619026,114.057156223875,192.732151470378,-99.4780866392006,non_stiff_stalk,-2.5788865982932346e-4,2.676277829191459e-4,-2.582086426985064e-5,-9.995208765302985e-5,-0.003268482230258868
WF9,179.03283570237,95.9992125930743,78.0119550781833,138.639366854275,26.5509227378847,non_stiff_stalk,0.0027000617050024086,0.0014161212776238655,9.00521079725124e-4,-1.8917248319795413e-4,0.006238477107944406
WIL900,327.651644649403,371.858970102374,-405.852310320418,-536.108890070345,-303.116779481309,non_stiff_stalk,-6.810243589957005e-4,6.860704858125462e-4,0.008706727317750141,4.274556008844122e-5,0.01038603202366496
WIL901,337.639244427284,377.641788833615,-412.110043292605,-547.874796283036,-321.624635280377,non_stiff_stalk,0.0010908574946119035,-0.00203689357821671,-0.005329376473399415,1.0974552057790725e-7,0.013475911336329215
WIL903,354.220034522165,373.540552782383,-430.056462164515,-555.846493763462,-325.773737312495,non_stiff_stalk,0.002223942759099454,5.784506821354678e-4,0.015553004790692002,-5.173770541179231e-4,0.0034304217217371344
WR3,116.584294978076,100.720045962338,104.04623202871,155.18505762013,-96.192397344107,mixed,0.005942446137671615,-0.0012269469010252733,0.007116748549654991,2.3159423639014217e-4,NA
WUTANTZAO,109.806736994792,119.85945442271,91.0908762207963,150.833376883506,-143.003441894288,unknown,0.0035702994985005675,0.0028548772902715217,-0.005534656732167458,3.0775544529619586e-4,-0.006321995664091785
WXB6,85.8002327577747,-97.7531980870461,63.8698613502564,75.2457997508159,-5.59467054510745,unknown,0.003414422269199784,0.001687981333925539,0.012878440980910368,7.946097251614687e-5,0.008718600767462913
YE4,126.390663741545,129.007811996244,94.9961884219705,159.035674592832,-168.03195120596,tropical,NA,NA,NA,NA,NA
YING55,122.209307720251,94.1312666286948,119.515845864299,136.04480514951,-104.734487924788,unknown,0.003342178795250996,0.002732616101850519,0.001004684827874713,1.501459441394993e-4,0.02166493860854204
YONG28,134.178001764945,114.61333738425,79.565092691512,134.102172552347,-100.034695742323,unknown,NA,NA,NA,NA,NA
YU796NS,158.661071727275,168.243129279794,3.13851552159929,3.77292534664255,-121.184068221941,unknown,NA,NA,NA,NA,NA
ZS365,NA,NA,NA,NA,NA,stiff_stalk,NA,NA,NA,NA,NA
ZS635,-384.152088267519,-111.289311540896,20.2251087123259,-159.274008143738,65.180626348714,stiff_stalk,0.003687176140285209,6.426146350332897e-4,0.00484409631813364,2.903513446426107e-4,-0.007418392803705358
